NUM;AREA;LOCUS;BUCKET;CLASS;TYPE;MATERIAL;TECHNIQUE;DECORATION;PRESERVATION;FRAGMENTS;HEIGHT;LENGHT;WIDTH;THICKNESS;DIAMETER;PERF. DIAM.;WEIGHT;DESCRIPTION;
1;G;F.1000;500/d;coin;coin;bronze;moult;;complete;1;;;;0.35;1.7;;4;Bronze coin, recto and verso illegible.;
2;G;F.1000;500/e;coin;coin;bronze;moult;;complete;1;;;;0.4;1.8;;;"Bronze coin. Recto: head; verso: illegible.";
3;G;F.1000;500/a;coin;coin;bronze;moult;;complete;1;;;;0.2;2;;4;Bronze coin. Recto: illegible. Verso: illegible figure and inscription.;
4;Acropoli;F.1000;;Stone vessel;tripod;basalt;hand;;fragmentary;1;8.6;;;;16;;;"Tripod of fine grained basalt with vertical pointed leg; rim 2.4 cm, wall 2,5 cm, bottom 2,7 cm. Mortar used.";
5;C;F.900;400/c;stone vessel;tripod;basalt;hand;;fragmentary;1;7.1;;;;24;;;Tripod of fine grain basalt. Base: 3.5 Wall: 2.4 Rim: 1.6;
6;C;F.900;400/a;clay figurine;Animal figurine;clay;hand;;fragmentary;1;4.1+;5.1+;4.9+;;;;;Body fragment of an animal clay figurine.;
7;surface;Lower Palace Area;1004/d;clay figurine;Animal figurine;clay;hand;incised;fragmentary;1;7.9+;8.7+;5.6+;;;;;Body fragment of an horse clay figurine with harness.;
8;B;F.801;301/a;clay figurine;clay figurine;clay;hand;;fragmentary;1;4.9+;9.4+;4.4+;;;;;Body of an  animal clay figurine with harness;
9;B;F.801;301/b;clay figurine;clay figurine;clay;hand;applied;fragmentary;1;4.7+;;4.2;2.8;;;;Horse head with harness.;
10;C;F.900;401/a;textile tool;loom weight;pottery;hand;;fragmentary;1;;6.5+;4.1+;2.2;;0.9;;Fragment of a discoidal loom weight.;
11;G;F.1000;500/c;ornament;bracelet;glass;hand;;fragmentary;1;;;;0.5;6;;;Fragment of dark twisted glass bracelet, with circular section.;
12;G;F.1000;500/b;ornament;bracelet;glass;hand;;fragmentary;1;;;;0.6;7;;;Fragment of a glass twisted bracelet, with circular section.;
13;G;F.1002;502/d;metal ornament;ring;bronze;hand;;complete;1;2.3;;1.9;0.1;1.8;1.5;;Bronze ring, with a glass paste bead set in a circular mounting (diameter 1.2).;
14;B;F.801;303/a;coin;coin;bronze;moult;;complete;1;;;;0.2;1.8;;3;Bronze coin. Recto: illegible. Verso: greek inscription?.;
15;C;F.905;406/a;other;indeterminate;iron;hand;;fragmentary;1;;2.4+;;0.6;;;;Iron fragment, with a square section.;
16;G;F.1002;502/a;metal ornament;pin;iron;hand;;complete;1;;12;;0.4;;;;Iron pin.;
17;G;F.1002;502/c;coin;coin;bronze;moult;;complete;1;;;;0.45;2.4;;10;Bronze coin. Recto: head, greek? inscriptio. Verso: illegible.;
18;C;F.907;408/a;stone vessel;stone vessel;basalt;hand;;fragmentary;1;6.5;;;;14;;;Stone vessel of fine grained basalt, high foot, ring bottom, mortar used. Bottom: 6.6 cm;
19;surface;Lower Palace Area;1/c;stone vessel;basin;basalt;hand;;fragmentary;1;12.9+;11.8+;11.7+;;;;;"Basin of medium grained basalt, two legs preserved with rectangular section. Wall:3.5 cm; bottom: 5.9 cm.";
20;B;F.804;304/b;clay figurine;clay figurine;clay;hand;;fragmentary;1;5+;6.9+;3.9+;;;;;Body of a clay horse figurine.;
21;B;F.801;303/b;clay figurine;Animal figurine;clay;hand;applied;fragmentary;1;3.6+;6.6+;4.1+;;;;;Body of a horse clay figurine with harness.;
22;surface;Colonnaded Street;1001/a;clay figurine;Animal figurine;clay;hand;;fragmentary;3;4.1+;5.7+;4.7;;;;;Hinder part of an animal figurine.;
23;B;F.804;304/a;clay figurine;Animal figurine;clay;hand;;fragmentary;1;5.7+;7.7+;5.8+;;;;;Body fragment of an horse figurine.;
24;C;F.900;400/b;clay figurine;Animal figurine;clay;hand;applied;fragmentary;1;2.4+;4.6+;2.7+;;;;;Body fragment of an animal clay figurine with harness.;
25;G;F.1000;501/a;stone vessel;tripod;basalt;hand;;fragmentary;1;12.4+;;6.3;4.5;;;;"Tripod leg of fine grained bsalt; rectangular section leg.";
26;G;F.1000;501/b;ornament;bracelet;glass;hand;;fragmentary;;;;;0.6;8;;;Fragment of a twisted light blue glass bracelet.;
27;A west;F.602;102/a;ornament;bracelet;glass paste;hand;;fragmentary;1;;;;0.4;4;;;"Fragment of a ""glass paste"" bracelet, with circular section.";
28;A west;F.601;101/b;other;pipe;pottery;hand;incised;fragmentary;1;3,1+;;;;2.8;1.6;;Pipe head with geometric decoration on one band.;
29;G;F.1002;502/b;ornament;bracelet;glass;hand;;fragmentary;1;;;;0.6;4;;;Fragment of a light blue glass bracelet, with emicircular section.;
30;A west;F.601;101/c;ornament;bracelet;glass;hand;;fragmentary;1;;;;0.6;3;;;Fragment of torquoise glass bracelet, with emicircular section.;
31;A west;F.601;101/d;ornament;bracelet;glass;hand;;fragmentary;1;;;;0.6;8;;;Fragment of a twisted glass bracelet, with circular section.;
32;A west;F.601;101/a;other;pipe;pottery;;incised;fragmentary;1;4.3+;;;;1.8;;;Pipe head with scale decoration on two bands.;
34;G;F.1002;502/f;coin;coin;bronze;moult;;complete;1;;;;0.2;1.45;;> 1;Bronze coin, recto and verso illegible.;
35;Acropoli;surface;;inscription;stele;limestone;hand;;fragmentary;1;28 +;32 +;34 +;;;;;Fragment of a limestone stele with incised inscription.;
36;G;F.1007;504/d;ornament;bracelet;glass;hand;;fragmentary;1;;;;0.7;7;;;Fragment of a twisted glass bracelet.;
37;A west;F.602;102/c;ornament;bracelet;glass;hand;;fragmentary;1;;;;0.7;4;;;Fragment of a torqouise glass bracelet, with emicircular section.;
38;A west;F.602;102/b;ornament;bracelet;glass;hand;;fragmentary;1;;;;0.6;3;;;Fragment of torquoise glass bracelet, with emicircular section.;
39;G;F.1007;504/c;ornament;bracelet;glass;hand;;fragmentary;1;;;;0.5;8;;;Fragment of a brown, yellow and light blue glass bracelet with triangular section.;
40;G;F.1002;502/e;clay figurine;clay figurine;clay;hand;;fragmentary;1;2.9+;6.9+;3.5+;;;;;Body of a animal clay figurine.;
42;G;F.1002;502/g;ornament;bracelet;glass;hand;;fragmentary;1;;;;1;9;;;Glass bracelet with emicircular section.;
43;G;F.1007;504/a;ornament;bracelet;glass;hand;;fragmentary;1;;;;0.7;6;;;Fragment of glass bracelet, with emicircular section.;
44;G;F.1007;504/e;ornament;bracelet;glass;hand;;fragmentary;1;;;;0.8;8;;;Glass bracelet with triangular section.;
45;G;F.1007;504/b;ornament;bracelet;glass;hand;;fragmentary;1;;;;0.8;6;;;Fragment of blue glass bracelet, with triangular section.;
46;B;F.804;306/b;clay figurine;Animal figurine;clay;hand;applied;fragmentary;1;4.2;4.8+;;;;;;Body fragment of an animal figurine with harness.;
47;B;F.804;306/c;clay figurine;Animal figurine;clay;hand;;fragmentary;1;4.6+;5.5+;;;;;;Body fragment of an animal figurine.;
48;A west;F.602;102/e;metal ornament;bracelet;bronze;hand;;complete;1;;;0.9;0.1;5.3;;;Bronze bracelet.;
49;G;F.1007;504/f;ornament;bracelet;glass;hand;;fragmentary;1;;;;0.6;6;;;Fragment of a twisted glass bracelet, with circular section.;
51;G;F.1006;503/b;ornament;bracelet;glass;hand;;fragmentary;1;;;;0.6;;;;Bracelet of light blue glass., emicircular section.;
52;G;F.1002;502/h;ornament;bracelet;glass;hand;;fragmentary;1;;;;0.6;4;;;Yellow glass bracelet with triangular section.;
53;surface;Lower Palace Area;1004/a;clay figurine;Antropomorphic figurine;clay;hand;;fragmentary;1;5.1+;;4.2+;1.6+;;;;Body of an antropomorphic figurine.;
54;A west;F.602;102/h;glass conteiner;glass vessel;glass;hand;;fragmentary;1;1.1;;;;9;;;"Yellow glass flat bottom. Bottom: 0.6 cm; wall: 0.3 cm.";
55;C;F.905;406/b;stone tool and weapon;blade;obsidian;hand;;fragmentary;1;;1.8+;1+;0.2;;;;Fragment of obsidiane blade.;
56;surface;Lawrence's House;1003/a;sculpture;relief;basalt;hand;;fragmentary;1;10.3+;11+;11.2+;;;;;Relief fragment of fine grained basalt.;
57;B;F.804;306/a;indeterminate;indeterminate;basalt;hand;;fragmentary;1;10.4+;16+;12.5+;;;;;Indeterminate basalt object of medium grained basalt.;
58;C;F.900;401/b;ornament;bead;glass paste;hand;;complete;1;;;;;0.5;;;Spherical light blue glass paste bead.;
59;C;F.923;412/c;coin;coin;bronze;moult;;complete;1;;;;0.2;1.7;;1;Bronze coin, recto and verso illegible.;
60;C;F.923;412/a;coin;coin;bronze;moult;;complete;1;;;;0.5;2.1;;9;Bronze coin, recto and verso illegible.;
61;C;F.923;412/d;coin;coin;bronze;moult;;complete;1;;;;0.4;2;;7;Bronze coin, recto illegible, verso latin inscription.;S C
62;A;F.807;308/a;other;indeterminate;iron;hand;;fragmentary;1;;5+;1.4+;1.1;;;;Iron fragment.;
63;C;F.915;413/b;ornament;bracelet;glass;hand;;fragmentary;1;;;;0.4;2;;;Fragment of light blue glass bracelet.;
66;C;F.923;412/b;other;indeterminate;iron;hand;;fragmentary;1;;4.9+;;0.8;;;;Iron fragment.;
68;A west;F.602;102/f;metal tool&weapon;nail;iron;hand;;fragmentary;1;;3.6+;;0.7;;;;Iron nail with a nearly circular head .;
69;C;F.915;413/a;ornament;bracelet;glass;hand;;fragmentary;1;;;;0.8;8;;;Fragment of glass bracelet, with triangular section.;
70;B;F.807;308/b;textile tool;spindle whorl;limestone;hand;;nearly complete;1;;2.3;2.1;1.8;;0.5;;Nearly discoidal spindle whorl.;
71;Angolo S-W acropolo, lungo la strada;surface;;stone vessel;basin;basalt;hand;;fragmentary;1;5.1;9.7+;13.8;5;;;;Small rectangular basin of medium-grained basalt, small rounded feet, shallow depression. Mortar used.;
72;C;F.907;408/b;clay figurine;Animal figurine;clay;hand;;fragmentary;1;3.3+;5.7+;3.7;;;;;Fragmentary body of an animal clay figurine.;
74;B;F.809;310/a;clay figurine;Animal figurine;clay;hand;;fragmentary;1;7.4;5.7+;5.3;;;;;Hind legs and part of a body of an animal clay figurine.;
75;B;F.804;306/e;clay figurine;clay figurine;clay;hand;;fragmentary;1;3,8 +;4 +;4,1 +;;;;;"Body fragment of an animal clay figurine with two posteriors. 7.5YR8/2; <0,5 mm, <3%.";
76;C;F.900;400/e;other;indeterminate;basalt;hand;;fragmentary;1;8.5;20.5+;13.5;;;;;Indeterminate object of fine grained basalt.;
77;B;F.807;308/c;textile tool;loom weight;clay;hand;;fragmentary;1;;7.8+;4.8+;3.5;;0.8;;Donut shaped loom weight.;
78;C;F.900;400/d;stone tool&weapon;grinder;basalt;hand;;fragmentary;1;;11.5+;17.2+;4.6;;;;Grinder of medium grained basalt.;
79;G;F.1015;507/d;stone vessel;stone vessel;basalt;hand;;fragmentary;1;16;;;;44;;;Stone vessel of fine grain basalt. Base: 6.6 Wall: 9.6 Rim: 4.5;
80;Angolo S-W acropoli;;;stone vessel;stone vessel;basalt;hand;;fragmentary;1;7.2;;;;24;;;"Stone vessel of medium-grained basalt. Bottom: 5.6; wall: 2.7; rim: 1.8. Flat? Rim (eroded), ring bottom. Mortar used.";
81;G;F.1006;503/e;ornament;bracelet;glass;hand;;fragmentary;1;;;;0.6;6;;;Glass bracelet with circular section.;
82;G;F.1021;508/a;ornament;bracelet;glass;hand;;fragmentary;1;;;;0.5;5;;;Green and yellow glass bracelet with black and white creasing? (cordonatura) along the edge.;
83;G;F.1021;508/b;ornament;bracelet;glass;hand;;fragmentary;1;;;;0.6;5;;;Glass bracelet with triangular section.;
84;G;F.1006;503/c;ornament;bead;glass;hand;;complete;1;;0.7;;;0.5;0.2;;Green glass bead.;
85;G;F.1015;507/b;ornament;bracelet;glass;hand;;fragmentary;1;;;;0.6;;;;Glass bracelet with circular section.;
86;G;F.1015;507/c;ornament;bracelet;glass;hand;;fragmentary;1;;;;0.6;5;;;Fragment of glass bracelet, with circular section.;
87;G;F.1015;507/a;ornament;bracelet;glass;hand;;fragmentary;1;;;;0.6;8;;;Blue glass bracelet with triangular section.;
88;A east;F.735;205/b;ornament;bracelet;glass;hand;;fragmentary;1;;;;0.7;6;;;Dark glass bracelet with yellow and red strips.;
89;G;F.1006;503/d;ornament;bracelet;glass;hand;;fragmentary;1;;;;0.5;4;;;Fragment of torquoise glass bracelet, with triangular section.;
90;B;F.804;306/d;sculpture;relief;basalt;hand;;fragmentary;2;24 +;40 +;30,5 +;;;;;Relief fragment of fine grained basalt with 2 bull legs.;
91;B;F.804;304/;textile tool;spindle whorl?;limestone;hand;;fragmentary;1;1.3;;;;5;0.8;;Limestone circular spindle whorl???, hole 2-side perfored with holes  (decoration???) 2-side perfored (d.: 0,45-0.50 cm).;
92;B;F.804;304/b;clay figurine;Animal figurine;clay;hand;;fragmentary;1;4.5+;;2.7;;;;;Leg of an animal clay figurine.;
93;B;F.801;303/a;clay figurine;Animal figurine;clay;hand;applied;fragmentary;1;2.6+;2.8;1.8;;;;;Head of an animal clay figurine.;
95;G;F.1006;503/f;ornament;bracelet;glass;hand;;fragmentary;1;;;;0.7;5;;;Fragment of yellow glass bracelet, with traces of orange and green, and with triangular section.;
96;B;F.810;311/c;clay figurine;Animal figurine;clay;hand;applied;fragmentary;1;3.6+;9+;4.8+;;;;;Animal body of a clay animal figurine with harness.;
97;A east;F.756;200/a;stone tool&weapon;pestle;stone;hand;;complete;1;;;;;3.8;;;Spherical stone pestle.;
98;B;F.810;311/h;clay figurine;Animal figurine;clay;hand;;fragmentary;1;3.8+;5.5+;4.5+;;;;;Body of a animal clay figurine, probably an horse.;
99;B;F.810;311/g;clay figurine;clay figurine;clay;hand;applied;fragmentary;1;4.3+;6+;4.5+;;;;;Body of an horse clay figurine with harness.;
100;B;F.810;311/f;clay figurine;Animal figurine;clay;hand;;fragmentary;1;4.7+;5+;4.9+;;;;;Body of an animal clay figurine.;
101;B;F.810;311/e;other;indeterminate;bone;hand;;fragmentary;1;;3.4;1.5;0.4;;0.8;;Nearly discoidal bone object with a hole.;
102;B;F.119;311/m;other;indeterminate;bone;hand;;fragmentary;1;;3.4;1.8+;0.5;;0.9;;Nearly discodial bone object.;
103;B;F.810;311/b;clay figurine;Animal figurine;clay;;applied;fragmentary;1;3.7+;4.8+;4.7+;;;;;Body of an animal clay figurine, engravings on it.;
104;B;F.810;311/a;clay figurine;Animal figurine;clay;;applied;fragmentary;1;9.7+;6.5+;3.7+;;;;;Fragment of a horse clay figurine with harness.;
105;B;F.810;311/i;clay figurine;Animal figurine;clay;hand;applied;fragmentary;1;6+;5.6+;6.5+;;;;;Animal body of a clay figurine, one leg preserved.;
106;C west;F..922;411/a;;relief;basalt;hand;;fragmentary;1;14 +;19 +;13,4 +;;;;;Relief fragment of fine grained basalt with curly beard and robe.;
107;B;F.809;313/b;stone tool&weapon;counterweight;basalt;hand;;fragmentary;1;;;;7.6;17;3;;Donut shaped counterweight of medium grained basalt. Secondary use: polisher.;
108;E;F.400;1/b;stone tool&weapon;grinding stone;basalt;hand;;fragmentary;1;9.5+;25.5+;22.5+;7.8+;;;;Fragment of a grinding stone of medium grained basalt.;
109;surface;Acropoli;1000/b;stone tool&weapon;sharpener;basalt;hand;;fragmentary;1;10.5+;29+;20+;9.6;;;;Sharpener of fine grained basalt with circular groove near fracture angle and another one on the long side.;
111;A west;F.620;109/i;metal tool&weapon;nail;iron;hand;;nearly complete;1;;7.2;;0.5;;;;Iron nail with square section and a nearly square head (1.6 x 1.5).;
112;A west;F.620;109/l;metal tool&weapon;nail;iron;;;nearly complete;1;;8.9;;0.2;;;;Iron nail with nearly square section and nearly circular head.;
113;A west;F.621;108/a;metal ornament;bracelet;bronze;hand;;fragmentary;1;;;;0.7;10;;;Fragment of a bronze bracelet.;
114;A west;F.620;109/g;coin;coin;bronze;moult;;complete;1;;;;0.45;2.6;;16;Bronze coin. Recto: men's head, greek inscription?. Verso: greek inscription and laurel wreath.;
115;A west;;110/a;modern object;coupling;iron;;;complete;1;;;;;;;;Iron coupling. ;
116;A west;F.620;109/b;coin;coin;bronze;moult;;complete;1;;;;0.3;1.7;;3;Bronze coin, recto and verso illegible.;
117;A west;F.620;109/a;coin;coin;bronze;moult;;nearly complete;1;;;;0.4;2.4;;8;Bronze coin. Recto and verso illegible.;
118;A west;F.620;109/h;coin;coin;bronze;moult;;complete;1;;;;0.15;2;;3;Bronze coin, recto and verso illegible.;
119;A west;F.620;110/b;ornament;bracelet;glass;hand;;fragmentary;1;;;1.5;0.7;9;;;Glass bracelet ribbon-shape. Red ribbon and linear decoration yellow and blu. ;
120;A west;F.620;109/n;glass conteiner;glass vessel;glass;hand;;fragmentary;1;;;;;;;;Fragmentary  transparent glass vessel ;
121;A west;F.620;109/m;glass conteiner;glass vessel;glass;hand;;fragmentary;1;0.4;;;;7;;;"Transparent glass rim. Rim:0.3 cm; wall: 0.1 cm.";
122;A west;F.620;109/f;glass conteiner;glass vessel;glass;hand;;fragmentary;1;1.2;;;;4;;;Yellow glass ring bottom. Bottom: 0.5 cm.;
123;B;F.809;313/c;clay figurine;Animal figurine;clay;hand;applied;;1;5.1+;4.5+;4.3+;;;;;Front part of a animal's body of a clay figurine with harness.;
124;B;F.809;313/d;clay figurine;Animal figurine;clay;hand;;fragmentary;1;4.1+;7.5+;4;;;;;Fragment of a body of a animal clay figurine.;
125;B;F.811;312/a;stone tool&weapon;bullet;stone;hand;;complete;1;;;;;1.8;;;Nearly spherical white stone bullet.;
126;G;F.1022;510/c;ornament;bracelet;glass;hand;;fragmentary;1;;;;0.5;4;;;Fragment of a torquoise bracelet, with circular section.;
127;G;F.1021;508/a;ornament;ring;glass ;hand;;complete;1;;;;0.4;1.8;;;Ring of glass paste with emicurcular section.;
128;G;F.1022;510/b;ornament;bead;glass paste;hand;;nearly complete;1;;1.4;1.4;0.7;;;;Orange glass paste bead.;
129;B;F.810;314/d;clay figurine;clay figurine;clay;hand;;fragmentary;1;5.1+;6.1+;4.5+;;;;;Body of an animal clay figurine.;
130;B;F.810;314/c;clay figurine;clay figurine;clay;hand;;fragmentary;1;5;5.1+;4.2;;;;;Body with hinds legs of an animal clay figurine.;
131;G;F.1023;511/a;ornament;ring;ivory;hand;;fragmentary;1;;;;0.6;2;;;Ivory ring;
132;G;F.1006;503/h;ornament;bracelet;glass;hand;;fragmentary;1;;;;0.7;6;;;Fragment of light blue glass bracelet, with emicircular section.;
133;G;F.1022;510/a;ornament;bracelet;glass;hand;;fragmentary;1;;;;0.6;5;;;Fragment of glass bracelet, with triangular section.;
134;B;F.810;314/i;clay figurine;clay figurine;clay;hand;;fragmentary;1;3.7+;6.1+;3.6+;;;;;Body fragment of an animal clay figurine.;
135;B;F.804;310/c;clay figurine;Animal figurine;clay;hand;applied;fragmentary;1;3.4+;;1.6;;;;;Leg of an animal figurine, with harness.;
136;G;F.1021;508/c;ornament;bracelet;glass;hand;;fragmentary;1;;;;0.7;7;;;Dark blue glass bracelet.;
137;B;F.810;311/l;clay figurine;clay figurine;clay;hand;;fragmentary;1;7.2;7+;5.3;;;;;Body with hind legs of an animal clay figurine.;
138;B;F.810;314/a;clay figurine;Animal figurine;clay;hand;applied;fragmentary;1;5.3+;3.5;2.4;;;;;Head of an horse clay figurine with harness.;
139;B;F.810;314/b;clay figurine;clay figurine;clay;hand;;fragmentary;2;4.3+;7.1+;5.2+;;;;;Body of an animal clay figurine.;
140;B;F.801;301/c;clay figurine;Animal figurine;clay;hand;;fragmentary;1;4+;;3.3+;;;;;Leg of an animal clay figurine.;
141;G;F.1006;503/g;metal ornament;ring;bronze;hand;;complete;1;;;1.9;0.1;2.1;;;"Bronze ring, with a flat ""leaf-shaped"" mounting (lenght: 1.7; width: 1.1; thickness: 0.2), with a geometric decoration incised.";
142;B;F.809;315/c;metal figurine;banner;bronze;;;nearly complete;1;8;11.8;2.9;;;;;Bronze banner rappresented a animal (calf?) with curl tail and sphiral collar, at the opposite ends of mouth are 2 hole , d.0.25, (for harness???).  ;
143;G;F.1029;513/b;metal ornament;pin;bronze;hand;;nearly complete;1;;4+;;0.2;;;;Bronze pin, with twisted head.;
144;G;F.1015;507/h;metal ornament;ring;bronze;hand;;complete;1;;;;0.1;1.9;1.6;;Bronze ring with a bead set in a circular mounting (diameter 0.8).;
145;G;5 m sud area B;surface;coin;coin;bronze;moult;;complete;1;;;;0.2;1.2;;1;"Bronze coin, recto illegible; verso: cross?.";
146;B;F.809;315/b;ornament;bead;glass paste;hand;;complete;1;;;;0.8;1.2;;;Spherical glass paste bead;
147;G;F.1029;513/a;ornament;ring;glass;hand;;complete;1;;;0.4;0.3;;;;Black glass ring with emicurcular section.;
148;G;F.1015;507/e;ornament;bracelet;glass;hand;;fragmentary;1;;;;0.7;7;;;Fragment of a blue glass bracelet, with triangular section (cordonatura bianca e nera).;
149;B;F.804;310/b;indeterminate;indeterminate;pottery;;incised;fragmentary;1;6;;4.5+;3.8+;;1;;Indeterminate clay object perfored, lines incised, perfored. ;
150;G;F.1008;509/a;clay figurine;Antropomorphic figurine;clay;hand;stamp;fragmentary;1;5.2+;;3.1+;2.8+;;;;Part oh a human figurine with circular stamp decoration on the back.;
151;B;F.809;315/a;clay figurine;Animal figurine;clay;hand;applied;fragmentary;1;3.2+;5.4+;3.9;;;;;Part of an horse head.;
152;B;F.810;314/l;indeterminate;indeterminate;clay;hand;;fragmentary;1;;4.9+;3.1;2.4;;0.7;;Indeterminate clay elonged object perfored. ;
153;surface;Lower Palace Area;1004/c;stone vessel;bowl;basalt;hand;;fragmentary;1;7+;;;;23;;;"Bowl of fine grained basalt; rim 2 cm, wall 1.6 cm.";
154;B;F.809;315/d;clay figurine;Animal figurine;clay;hand;applied;fragmentary;1;5+;4.1+;3.6+;;;;;Fragmentary front part of a animal clay figurine, with harness.;
155;B;F.114;318/b;clay figurine;Animal figurine;clay;hand;applied;fragmentary;1;5.8+;8.1+;6.1+;;;;;Body of a animal clay figurine with harness.;
156;G;F.1024;514/a;clay figurine;Animal figurine;clay;hand;applied;fragmentary;1;7.2+;5.9+;4.8+;;;;;Front part of ah horse clay figurine, probably burnt.;
157;C;F.924;416/b;coin;coin;bronze;moult;;complete;1;;;;0.3;2.1;;6;Bronze coin. Recto: illegible. Verso: greek inscription.;
158;B;F.809;315/e;stone tool&weapon;polisher;stone;hand;;fragmentary;1;;8.3;7.2+;7.1;;;;Polisher of grey stone with triangular section.;
159;B;F.809;315/f;stone tool and weapon;polisher;stone;hand;;fragmentary;1;;7.9+;4.6;2.8;;;;Elonged polisher of grey stone, polishing pebble used.;
160;C;F.923;418/a;other;indeterminate;basalt;hand;;fragmentary;1;;19+;12.5+;5.7;;4.1;;Indeterminate object of fine grained basalt with a hole.;
161;surface;Inner Town;1002/c;sculpture;relief;basalt;hand;;fragmentary;1;;10+;7.5+;3.6+;;;;Incised relief fragment of fine grained basalt.;
162;surface;Inner Town;1002/d;sculpture;relief;basalt;hand;incised;fragmentary;1;12.5+;;11+;5.2+;;;;relief fragment of fine grained basalt with three vertical bands.;
163;A west;F.601;101/e;sculpture;sculpture;basalt;hand;;fragmentary;1;34 +;26,5 +;13 +;;;;;Sculpture fragment of fine grained basalt (head?).;
164;G;F.1029;517/a;clay figurine;Animal figurine;clay;hand;applied;fragmentary;1;4.9;8.9;4.2;;;;;Body of a animal clay figurine, with harness.;
165;G;F. 1022;510/d;coin;coin;bronze;moult;;complete;1;;;;0.4;2.4;;8;Bronze coin. Recto: men's head. Verso: greek inscription.;
166;B;F.809;317/b;clay figurine;Animal figurine;clay;hand;;fragmentary;1;3.4+;;1.8;;;;;Leg of an animal clay figurine.;
167;C;F.946;423/a;textile tool;loom weight;stone;hand;;fragmentary;1;;;;1.2;4.6;0.8;;Donut shaped stone loom weight.;
168;C;F.923;418/b;textile tool;loom weight;clay;hand;;fragmentary;1;;;;2.6;5;1.6;;Donut shaped loom weight;
169;C;F.924;416/b;clay figurine;clay figurine;clay;hand;;fragmentary;1;9.5+;;8.1+;5.7+;;;;Legs of big antropomorphic clay figurine?;
170;surface;Lower Palace Area;1004/b;ornament;bracelet;glass paste;hand;;fragmentary;1;;;;0.8;7;;;Fragment of a glass paste green, orange and yellow bracelet.;
171;A west;F.628;114/a;ornament;bead;semiprecious stone;hand;;nearly complete;1;;2.1;;;0.9;0.4;;Cylindrical stone bead;
173;C west;F. 914;417/a;Ornament;bracelet;glass;hand;;fragmentary;1;;;;0.5;5;;;Fragment of a torquoise glass bracelet, with emicircular section.;
174;C;F.943;421/c;clay figurine;Animal figurine;clay;hand;;fragmentary;1;3.6+;4.4+;3.8+;;;;;Hinder part of an animal figurine;
175;A east;F.761;203/b;clay figurine;Animal figurine;clay;hand;applied;fragmentary;1;6.6+;4.6+;6.6;;;;;Front part of an animal clay figurine with harness.;
176;C;F.943;421/a;clay figurine;Animal figurine;clay;hand;applied;fragmentary;1;5.1+;;2.4+;;;;;Leg of an animal figurine, with harness.;
177;B;F.114;318/c;clay figurine;Antropomorphic figurine;clay;hand;applied;fragmentary;1;3.1+;;2;;;;;Head of an antropomorphic clay figurine (with crown?).;
178;B;F.810;314/h;clay figurine;clay figurine;clay;hand;applied;fragmentary;1;4.1+;3.6+;4.5;;;;;Clay horse body with harness;
179;B;F.114;318/e;clay figurine;Antropomorphic figurine;clay;hand;applied;fragmentary;1;6.1+;;5.8;2.9;;;;Body and arms of an antropomorphic clay figurine.;
180;A east;F.761;203/d;stone vessel;stone vessel;basalt;hand;;fragmentary;1;4.4+;;;;11.07;;;Vessel of fine grained basalt, rim bottom, mortar used. Bottom 4.3 cm, wall: 2.1 cm.;
181;A east;F.761;204/e;stone vessel;vessel;basalt;hand;;fragmentary;1;7,6;;;;25;;;"Stone vessel of fine grained basalt; rim 1.9 cm, wall 4.5 cm.";
182;A east;F.761;204/b;stone vessel;tripod;basalt;hand;;fragmentary;1;6.5+;;;;;;;Fine-grained basalt tripod, vertical leg. Wall: 3.3 cm.;
183;B;F.810;314/g;clay figurine;Animal figurine;clay;hand;applied;fragmentary;1;5.4+;9.1+;4.8+;;;;;Body of ah horse clay figurine with harness.;
184;A east;F.761;203/a;clay figurine;Antropomorphic figurine;clay;hand;applied;fragmentary;1;8+;;4.6+;3.5;;;;Antropomorphic clay figurine.;
185;A east;F.761;203/c;stone vessel;stone vessel;basalt;hand;;fragmentary;1;10+;;;;;;;"Stone vessel of fine grain basalt. Base: 4.8; wall: 5.6.";
187;B;F.114;318/a;sculpture;relief;basalt;hand;;fragmentary;1;3.4+;11.5+;7.7+;;;;;Relief fragment of fine grained basalt with ghigliosce.;
188;A east;F.761;204/g;sculpture;statue;basalt;hand;;fragmentary;1;5.4+;;5.7+;2.3+;;;;Fragment of basalt statue with vertical? lines. ;
189;A east;F.761;204/c;indeterminate;figurine;pottery;hand;;complete?;1;2;4.6;3.8;;;;;Pottery miniatur of altar? Or lid? ;
190;A east;F.743;262/a;indeterminate;indeterminate;pottery;hand;;fragmentary;1;3.1;4.2+;3.9;;;0.6;;Indeterminate clay object perfored. ;
191;B;F.114;318/d;clay figurine;Animal figurine;clay;hand;;fragmentary;1;6.1+;8.3+;5.9+;;;;;Body of an animal figurine.;
192;A east;F.735;205/a;stone tool&weapon;debitage;flint;hand;;nearly complete;1;5;;2.7;0.8;;;;Flint debitage.;
193;G;F.1008;509/b;other;indeterminate;bronze;hand;;fragmentary;1;;5.4+;3.9+;0.2;;;;Bronze fragment.;
195;A west;F.628;112/a;stone tool;mortar;limestone;hand;;complete;1;18;38;24,5;;;;;Nearly rectangular mortar of limestone with square depression (15,5 x 14,5 cm);
196;A west;F.628;112/b;stone tool;mortar;limestone;hand;;complete;1;18,5;30,5;26;;;;;Rectangular mortar of limestone with square depression (18 x 18,5 cm).;
197;G;F.1031;516/a;modern object;buckle;iron or steel;;;fragmentary;1;;;;;;;;Iron or stell buckle.;
198;A west;F.628;114/b;glass container;cup;glass;hand;;fragmentary;1;2+;;;;4.3;;;Round foot.;
199;C;F.943;421/d;clay figurine;Antropomorphic figurine;clay;hand;;fragmentary;1;4.6+;;5.2+;2.4;;;;Body of an antropomorphic figurine, with hands to his chest.;
200;A east;F.761;206/a;modern object;glass;glass;hand;;fragmentary;1;;;;;;;;Fragment of trasparent glass.;
201;C;F.932;415/a;glass container;indeterminate;glass;hand;;fragmentary;1;4+;;;1.7;;;;Glass fragmnte, base?;
202;C;F.946;423/b;stone vessel;tripod;basalt;hand;;fragmentary;1;13,7+;;;;;;;"Tripod of fine grained basalt, vertical square section leg, mortar used. Rim: 2.1 cm; wall: 2.1 cm. ";
203;B;F.114;320/c;stone vessel;tripod;basalt;hand;;fragmentary;1;11.6;;;;30;;;"Basalt tripod of fine grained basalt, flat rim, vertical leg with square section, mortar used; rim 2.6 cm, wall 3.4 cm.";
204;B;F.114;320/b;stone tool&weapon;counterweight;stone;hand;;nearly complete;1;9.6;;9.5;;;;;Spherical stone counterweight.;
205;A west;F.641;120/a;glass container;cup;glass;hand;;fragmentary;1;6;;;1.8;;;;Green glass handle.;
206;B;F.114;320/a;stone tool&weapon;pestle;basalt;hand;;complete;1;5.4;;4.9;;;;;Cilindrical pestle of medium grained basalt.;
207;C;F.946;423/b;clay figurine;clay figurine;pottery;hand;;fragmentary;1;3.9+;;4.6;2;;;;Indeterminate pottery figurine (antropomorphic?).;
208;B;F.817;322/a;stone vessel;vessel;basalt;hand;;fragmentary;1;;;;;;;;"Vessel fragment of fine grained basalt; wall 4 cm, base 3 cm.";
209;B;F.114;321/a;stone tool&weapon;grinder;basalt;hand;;fragmentary;1;;13+;13;4.3;;;;Grinder of medium grained basalt.;
210;H;F.1004;;sculpture;Relief;basalt;hand;;fragmentary;1;16,5 +;13 +;8 +;;;;;Relief fragment of fine grained basalt with beard. (Near Water gate);
211;B;F.817;322/b;stone vessel;basin;limestone;hand;;fragmentary;1;14,6 +;;10 +;5,2;;;;Fragment of limestone basin, shallow depression.;
212;B;F.114;321/c;stone vessel;tripod;basalt;hand;;fragmentary;1;5;8.1+;4.5;;;;;Tripod leg of fine grained basalt with emicircular section.;
213;Acropoli;F.1000;;Other;sharpener;basalt;hand;;fragmentary;1;;16 +;13,5 +;7,1 +;;;;Rectangular sharpener of fine grained basalt with three long signs on two sides.;
215;G;F.1044;524/f;coin;coin;bronze;moult;;complete;1;;;;0.5;1.9;;5;Bronze coin, recto and verso illegible.;
216;G;F.1044;524/o;coin;coin;bronze;moult;;complete;1;;;;0.4;2;;6;Bronze coin, recto and verso illegible.;
217;G;F.1044;524/d;coin;coin;bronze;moult;;complete;1;;;;0.6;2.7;;17;Bronze coin, recto and verso illegible.;
218;G;F.1044;524/a;coin;coin;bronze;moult;;complete;1;;;;0.5;2.3;;8;Bronze coin, recto and verso illegible.;
219;G;F.1044;524/i;coin;coin;bronze;moult;;complete;1;;;;0.35;1.8;;5;Bronze coin. Recto: men's head. Verso: illegible.;
220;G;F.1044;524/p;coin;coin;bronze;moult;;fragmentary;1;;;;0.5;2.2;;4;Half part of bronze coin , recton and verso illegible.;
221;G;F.1044;524/e;other;lamina;bronze;-;;fragmentary;1;;4.1;3;0.4;;;;Bronze lamina.;
222;G;F.1044;524/n;coin;coin;bronze;moult;;complete;1;;;;0.45;1.9;;6;Bronze coin, recto and verso illegible.;
223;G;F.1044;524/h;coin;coin;bronze;moult;;complete;1;;;;0.3;1.8;;5;Bronze coin, recto and verso illegible.;
224;G;F.1044;524/l;coin;coin;bronze;moult;;complete;1;;;;0.45;1.9;;7;Bronze coin, recto and verso illegible.;
225;G;F.1044;524/b;coin;coin;bronze;moult;;complete;1;;;;0.3;1.8;;5;Bronze coin, recto and verso illegible.;
226;G;F.1044;524/g;coin;coin;bronze;moult;;complete;1;;;;0.55;2.1;;6;Bronze coin, recto and verso illegible.;
227;G;F.1044;524/m;coin;coin;bronze;moult;;complete;1;;;;0.4;1.7;;4;Bronze coin, recto and verso illegible.;
229;G;P.1024/F.1043;523/a;coin;coin;bronze;moult;;complete;1;;;;0.3;1.8;;5;Bronze coin, recto and verso illegible.;
230;A west;L.640;122/b;modern object;indeterminate;iron;;;complete;1;;;;;;;;Triangular object with hole in the center.;
231;A west;F.643;121/a;metal tool&weapon;blade;iron;hand;;fragmentary;1;;11.5+;2.6+;0.6;;;;Iron blade.;
232;A west;F.638;119/a;metal tool&weapon;blade;iron;hand;;nearly complete;1;;17;2.6;0.8;;;;Iron blade.;
233;C west;F.910;404/b;glass conteiner;glass vessel;glass;hand;;fragmentary;1;2;;;;9;;;"Green glass rim. Rim:0.4 cm; wall: 0.2 cm.";
234;G;F.1040;521/a;ornament;ring;ivory;hand;;nearly complete;;;;;0.5;3.2;;;Very polished ivory ring.;
235;A west;L.640;122/a;coin;coin;bronze;moult;;complete;1;;;;0.4;1.8;;6;Bronze coin, recto and verso illegible.;
236;est king's gate;surface;;metal tool&weapon;blade;iron;hand;;nearly complete;1;;14.1;3;0.3;;;;Iron blade.;
237;G;F.1015;507/f;coin;coin;bronze;moult;;complete;1;;;;0.5;2.4;;14;Bronze coin. Recto: men's head?. Verso: illegible.;
238;A west;F.640;122/c;metal ornament;pin;bronze;hand;;nearly complete;1;;6.6+;;0.4;;;;Bronze pin.;
239;A east;F. 760;201/a;Ornament;bracelet;glass;hand;;fragmentary;1;;;;0.5;4;;;Fragment of a torquoise glass bracelet, with emicircular section.;
240;B;F.817;323/b;other;indeterminate;stone;hand;;fragmentary;1;7.4;11+;6.1;;;;;Elongated object of white stone.;
241;B;F.809;315/g;textile tool;spindle whorl;pottery;hand;;fragmentary;1;;;;1;5.4;0.5;;Discoidal spindle whorl, pottery fragment reused.;
242;G;F.1044;524/c;other;indeterminate;bone;hand;incised;fragmentary;1;3.8+;;;;0.8;;;Elongated bone object with stripes.;
243;H;F.1100;600/a;textile tool;counterweight;stone;hand;;nearly complete;1;;9.1;8.2;;;1;;Donate shaped counterweight o f white stone.;
244;B;F.114;321/b;clay figurine;Animal figurine;clay;hand;applied;fragmentary;1;3.8+;6+;3.7+;;;;;Body of an animal clay figurine, with harness.;
245;B;F.817;323/c;clay figurine;clay figurine;clay;hand;;fragmentary;1;6,6 +;;5 +;3 +;;;;"Indeterminate clay figurine. 7.5YR8/4; <0.5 mm, <3%.";
246;G;F.1043;523/b;clay figurine;Animal figurine;clay;hand;applied;fragmentary;1;4.8+;4.1;2.8;;;;;Head of an horse figurine, with harness.;
247;Lawrence's house;.surf;;sculpture;Sculpture;basalt;hand;;fragmentary;1;4,7 +;14,5 +;8,4 +;;;;;Sculpture fragment of fine grained basalt;
248;H;F.1100;600/b;stone vessel;tripod;basalt;hand;;fragmentary;1;14.8+;;;;40;;;"Tripod of fine grained basalt with vertical leg,  mortar used; rim 2,3 cm, wall 6,6 cm.";
249;B;F.817;323/a;stone vessel;vessel;basalt;hand;;fragmentary;1;6.8+;;;;32;;;"Stone vessel of medium-grained basalt, flat rim, mortar used. Rim: 2.4 cm; wall: 3 cm.";
250;A west;F.641;120/a;glass container;cup;glass;hand;;fragmentary;1;6.1;;;0.6;;;;Glass handle;
251;surface;Inner Town;1002/e;inscription;monumental inscription;basalt;hand;;fragmentary;1;;12.7+;13+;4.3+;;;;Inscription fragment of fine grained basalt.;
252;G;F.1044;524/r;clay figurine;Animal figurine;pottery;hand;;fragmentary;1;3.2+;3;1.8;;;;;Bird head.;
253;surface;Inner Town;1002/b;sculpture;Sculpture;basalt;hand;;fragmentary;1;11+;;7.2+;4.9+;;;;Sculpture fragment of fine grained basalt (tree foliage?);
254;A west;F,601;125/a;stone tool;Sharpener;basalt;hand;;fragmentary;1;10;13,5 +;13 +;;;;;Basalt fragment with signs of sharpenings on one side.;
256;H;F.1100;602/d;metal tool&weapon;nail;iron;hand;;nearly complete;1;;11.6;;0.4;;;;Iron nail with square section and a nearly rectangular head (1.6 x 1.2).;
257;C;F.958;432/a;metal tool&weapon;nail;iron;hand;;complete;1;13.1;;1.8;1.5;;;;Iron nail with square section and round head (1.6 x 1.3);
258;H;F.1100;602/a;metal tool&weapon;blade;iron;hand;;nearly complete;1;;21.5;3.6;0.3;;;;Iron blade.;
259;H;F.1100;602/b;metal tool&weapon;nail;iron;hand;;complete;1;;9.2;;0.3;;;;Iron nail with square section and nearly circular head.;
260;G;W.1036;522/a;coin;coin;bronze;moult;;complete;1;;;;0.5;2.2;;4;Bronze coin, recto and verso illegible.;
261;A west;F.645;123/b;ornament;bracelet;glass;hand;;fragmentary;1;;;;0.8;6;;;Fragment of a twisted glass bracelet, with a circular section.;
262;H;surf.;;clay figurine;clay figurine;clay;hand;applied;fragmentary;1;4,8 +;;4,7 +;3,2;;;;"Head fragment of a human figurine with tiara. 7.5YR8/3; <0.5 mm, <3%.";
263;H;F.1102;603/a;stone vessel;tripod;basalt;hand;;fragmentary;1;10,6 +;;7,4;7 +;;;;Tripof leg of fine grained basalt with square section.;
264;H;F.1100;602/c;stone tool&weapon;pestle;flint;hand;;nearly complete;1;;;;;5.9;;;Spherical stone pestle.;
265;A west;F.645;123/a;clay figurine;Animal figurine;clay;hand;applied;fragmentary;1;8.4+;4.4+;5.4;;;;;Forepart of an animal figurine, with harness.;
266;H;F.1100;602/e;Other;indeterminate;basalt;hand;;fragmentary;1;7,5 +;17,4 +;8,4;;;;;Indeterminate object of fne graioned basalt with one side flat.;
267;H;F.1102;603/b;stone vessel;vessel;basalt;hand;;fragmentary;4;;;;;;;;Stone vessel of fine grained basalt badly preserved.;
268;A west;F.641;126/a;metal tool&weapon;nail;iron;hand;;fragmentary;1;;3.7+;;1.1;;;;Iron nail with nearly circular section and circular head (diameter: 2.2);
269;B;F. 824;329/a;Ornament;bead;glass paste;hand;;nearly complete;1;;;;1;1.4;0.4;;Orange circular glass paste bead.;
270;C;F.960;433/c;stone tool&weapon;pestle;stone;hand;;complete;1;;;;;3.6;;;Spherical stone pestle.;
271;C;F.960;433/b;stone tool&weapon;pestle;stone;hand;;complete;1;;;;;5;;;Spherical stone pestle.;
272;H;F.1102;603/c;stone tool&weapon;pestle;stone;hand;;complete;1;;;;;4.5;;;Spherical stone pestle.;
274;H;F.1100;604/a;clay figurine;Antropomorphic figurine;clay;hand;applied;fragmentary;1;9.8+;;4.8;;;;;Body of a human figurine, with hands to the chest.;
275;A west;F.646;124/a;clay figurine;Animal figurine;clay;hand;;fragmentary;1;4+;8.5+;4.3+;;;;;Body of an animal figurine.;
276;H;F.1100;602/f;clay figurine;Animal figurine;clay;hand;applied;fragmentary;1;3.9+;;2.6+;;;;;Head of an animal clay figurine, with harness.;
277;B;F.807;330/c;clay figurine;Animal figurine;clay;hand;;fragmentary;1;3.6+;;2.6+;;;;;Leg of animal figurine.;
278;B;F.807;330/d;clay figurine;Animal figurine;clay;hand;;fragmentary;1;2.8+;;1.8;;;;;Leg of an animal figurine.;
279;B;F.807;330/b;clay figurine;Animal figurine;clay;hand;applied;fragmentary;1;5.5+;8.3+;5.2+;;;;;Forepart of an animal figurine, with a littlte fragment of harness.;
280;B;F.807;330/a;clay figurine;Animal figurine;clay;hand;applied;fragmentary;1;7.7+;5.2+;5;;;;;Forepart of an horse figurine, with harness.;
281;C;F. 956;431/a;clay figurine;animal figurine;clay;hand;applied;fragmentary;1;5.7+;5.7;2.6+;;;;;Head of an horse figurine, with harness.;
283;A west;F.641;128/b;coin;coin;bronze;moult;;complete;1;;;;0.3;1.4;;1;Bronze coin, recto and verso illegible.;
284;G;F.1057;537/a;coin;coin;bronze;mold;;complete;1;;;;0,3;1,7;;6;Bronze coin, both faces illegible.;
285;G;F.1057;536/b;coin;coin;bronze;moult;;complete;1;;;;0.5;2.3;;10;Bronze coin, recto and verso illegible.;
286;G;F.1056;534/a;clay figurine;Animal figurine;clay;hand;;fragmentary;1;4.5+;4.2;2.9+;;;;;Head of a bull figurine.;
287;H;F.1100;604/c;other;Antropomorphic figurine;glass;hand;incised;fragmentary;1;6.1+;;3.8;2+;;;;Glass figurine of a woman.;
288;A west;F.641;128/a;glass conteiner;glass vessel;glass;hand;;fragmentary;1;2;;;;0.9;;;Stem of black glass vessel or glass.;
289;H;F.1112;609/a;clay figurine;Animal figurine;clay;hand;;fragmentary;1;5+;;2.4+;;;;;Leg of an animal figurine.;
290;H;F.1100;602/g;clay figurine;Animal figurine;clay;hand;applied;fragmentary;1;5.8+;;2.4+;;;;;Leg of an animal figurine, with harness.;
291;A west;F.2;330/f;clay figurine;Animal figurine;clay;hand;;fragmentary;1;3.7+;3.5+;4.4;;;;;Part of the body and the hind legs of an animal figurine.;
292;B;F.807;330/g;clay figurine;Animal figurine;clay;hand;applied;fragmentary;1;3.7+;2.3+;2+;;;;;Horse head with harness of a figurine.;
293;G;F.1057;536/a;clay figurine;Animal figurine;clay;hand;applied;fragmentary;1;4+;4.1;2.7;;;;;Head of a horse figurine with harness.;
294;H;F.1112;609/b;stone vessel;bowl;granite;hand;;fragmentary;1;4.9;;;;12;;;"Granite bowl; rim 1.5 cm, wall 1.7 cm, bottm 1.7 cm., bottom d. 13. Small bowl with flat rim and bottom and vertical wall.";
295;H;F.1100;604/b;stone tool&weapon;counterweight;basalt;hand;;complete;1;;12.5;10.3;5.8;;1.4;;Donut shaped counterweight of medium grained basalt. Secondary use: pestle and polisher.;
296;G;F.1058;541/a;metal tool&weapon;spear head;iron;hand;;nearly complete;1;;10.5;2.5;0.0;;;;Iron triangular spear head.;
297;G;F.1061;539/a;coin;coin;bronze;moult;;complete;1;;;;0.35;1.8;;5;"Bronze coin. Recto: illegible; verso: illegible figure in the center, greek inscription??.";
298;H;F.1100;613/b;metal tool&weapon;nail;iron;hand;;fragmentary;1;;4.4+;;0.8;;;;Iron nail with square section and nearly circular head.;
299;H;F.1100;613/a;metal tool&weapon;nail;iron;hand;;complete;1;;13;;0.7;;;;Iron nail, with square section and circular head (diameter: 1.8);
300;H;F.1119;613/e;ornament;bracelet;glass;hand;;fragmentary;1;;;;0.8;10;;;Twisted glass bracelet, with circular section.;
301;G;F.1057;536/;glass conteiner;glass vessel;glass;hand;;fragmentary;1;5.1;;;;16;;;"Green glass bowl. Rim:0.4 cm; wall: 0.5 cm. Two lines incised under the rim.";
302;Lower palace area;;;clay figurine;clay figurine;clay;hand;applied;fragmentary;1;2,2 +;2,5 +;2,9 +;;;;;"Body fragment of a clay figurine.5YR8/3; <0.5 mm, <3%.";
303;A west;W.0623;130/a;sculpture;Sculpture;basalt;hand;;fragmentary;1;8+;;10.5+;7.5+;;;;Sculpture fragment of fine grained basalt.;
304;H;F.1119;613/c;stone tool&weapon;sharpener;limestone;hand;;fragmentary;1;10+;14.5+;12+;;;;;Stone sharpener, signs of use on two sides.;
305;A east;F.761;204/a;stone tool&weapon;tool;stone;hand;;fragmentary;1;;15.7+;9.9+;7.2;;;;Tool of gray-red stone, polisher and mortar used.;
306;C;F.958;432/b;stone tool and weapon;bullet;stone;hand;;complete;1;;;;;2.5;;;White stone spherical bullet.;
307;C east;F.966;433/d;sculpture;relief;basalt;hand;;fragmentary;1;50;74;39,5;;;;;Relief fragment of fine grained basalt with part of a demon robe.(IN SITU);
308;G;F.1061;539/a;metal ornament;pin;bronze;hand;;nearly complete;1;;6.9+;;0.3;;;;Bronze pin.;
309;G;F.1061;538/a;coin;coin;bronze;hand;;complete;1;;;;0.5;1.6;;;Bronze coin. Recto and verso illegible.;
310;G;F.1061;538/b;metal tool&weapon;harrow head;bronze;mold;;complete;1;3,7;;0,9;0,3;;;;Bronze harrowhead, leaf shaped.;
311;A west;F.641;128/c;glass conteiner;glass bottle;glass;hand;;fragmentary;1;0.7;;;0.6;2.7;;;Black glass rim of bottle, 3 ring spiral-shape.;
312;H;F.1118;612/a;metal ornament;pin;iron;hand;;complete;1;;9.9;;0.3;;;;Iron pin.;
313;H;F.1100;613/d;metal tool&weapon;nail;iron;hand;;complete;1;;24.8;;0.8;;;;Iron nail with square section and nearly circular head (diameter: 2.3);
314;H;F.1124;616/a;clay figurine;Animal figurine;clay;hand;applied;fragmentary;1;5.5+;4.1;2.6;;;;;Head of a horse figurine, with harness.;
315;H;F.1124;616/b;clay figurine;Animal figurine;clay;hand;;fragmentary;1;4.7+;;2.2+;;;;;Leg of an animal figurine.;
316;A west;F.650;127/a;clay figurine;Animal figurine;clay;hand;;fragmentary;1;4.3+;9.3+;4.5+;;;;;Body of an animal figurine.;
317;H;F.1120;614/a;stone tool&weapon;pestle;stone;hand;;nearly complete;1;14.5;;4.5;5.2;;;;elongated pestle of stone, secondary use polisher.;
318;H;F.1118;612/b;stone tool&weapon;grinder;basalt;hand;;fragmentary;1;4.9;13.2+;;4.9;;;;Grinder of medium grained basalt, plano-convex section.;
319;H;F.1120;614/b;stone tool&weapon;grinder;basalt;hand;;fragmentary;1;9+;17+;19.3+;;;;;Grinder of medium grained basalt, plano-convex section.;
320;C;F.958;432/c;stone vessel;tripod;basalt;hand;;fragmentary;1;6.7+;;;;;;;Tripod of fine-grained basalt. Small vertical food, square section, mortar used. Wall: 3 cm.;
321;H;F.1124;616/d;stone vessel;plate;basalt;hand;;fragmentary;1;3.3;;;;16;;;"Stone vessel of fine grained basalt; rim 1.4 cm; wall 2 cm; base 2.3 cm.";
322;H;F.1124;616/h;stone vessel;tripod;basalt;hand;;fragmentary;1;8+;;;;24;;;"Stone tripod of fine grained basalt; rim 1.3 cm, wall 2.9 cm, base 3.3 cm.";
323;H;F.1126;617/a;stone tool&weapon;grinder;basalt;hand;;fragmentary;1;6;15.5+;14.5+;;;;;Grinder of medium grained basalt, plano-convex section.;
324;C;W.970;442/b;stone tool and weapon;grinding stone;basalt;hand;;fragmentary;1;;14.2+;12.3+;4.8+;;;;Saddle-shape grinding stone of coarse-grained basalt.;
325;C;F.934;428/a;indeterminate;indeterminate;pottery;hand;;nearly complete;1;;;;0.8;3;0.3;;Pottery object with 2 hole 2-side perfored, button-shape.;
326;C east;F.963;441/a;other;pipe;pottery;;applied - incised;fragmentary;1;2.9+;5.5;3.1;;;;;Fragment of islamic pipe with applied flower and geometrical decoration.;
327;C east;F. 977;439/b;other;pipe;pottery;hand;incised;fragmentary;1;3.9;3.4+;2.8;;2.5;1.9;;Head of a pottery islamic pipe, with a pointed incised decoration on two bands and vertical stripes on the base.;
328;H;F.1124;616/e;stone tool&weapon;grinder;basalt;hand;;fragmentary;1;11;10+;14;;;;;"Grinder of medium grained basalt; deep plano-convex section.";
329;C;W.970;442/a;stone vessel;mortar;basalt;hand;;fragmentary;1;12.9;;;;24;;;"Rim of big mortar of medium-grained basalt, with small rounded handle, deep depression, flat rim. Rim: 3.6 cm; wall: 4; handle: 5 cm.";
330;H;F.1124;616/c;stone vessel;indeterminate;basalt;hand;;fragmentary;1;8.8+;;;;;;;Stone vessel of fine grained basalt.;
331;C east;F. 990;443/a;Ornament;bracelet;glass;hand;;fragmentary;1;;;;0.7;7;;;Fragment of a glass bracelet, with triangular section.;
332;C;F. 987;437/a;clay figurine;animal figurine;clay;hand;applied;fragmentary;1;5.3+;;4.8+;2+;;;;Part of a leg of an animal figurine, with harness.;
333;H;F.1124;616/g;clay figurine;Animal figurine;clay;hand;applied;fragmentary;1;2.5+;5.8+;4.7+;;;;;Body of an animal figurine, with harness.;
334;H;F.1124;616/f;stone tool&weapon;mortar;basalt;hand;;fragmentary;1;6.8;;;;;;;"Mortar of medium grained basalt, shallow depression; base 5 cm.";
335;H;F.1127;620/d;other;indeterminate;iron;hand;;fragmentary;1;;7.8;;1.9;;;;Iron object.;
337;C east;F.963;441/d;metal ornament;pin;iron;hand;;nearly complete;1;;10.5;;0.7;;;;Iron pin.;
338;G;F.1015;507/f;stone vessel;bowl;basalt;hand;;fragmentary;1;7.6+;;;;26;;;"Bowl of fine grained basalt; rim 2 cm, 1.6 cm, base 2.1 cm.";
339;G;F.1015;507/g;stone vessel;vessel;basalt;hand;;fragmentary;1;5.5+;;;;25;;;"Stone vessel of fine grained basalt; rim 1.7 cm, wall 1.5 cm.";
340;G;F.1061;538/c;pottery figurine;Antropomorphic figurine;pottery;mold;;nearly complete;1;8.6;;5.6;3;;;;Pottery figurine of a seated veiled woman.;
341;A west;F.659;134/a;ornament;bead;stone;hand;;nearly complete;1;;1.4+;;;1.4;0.2;;Cylindrical stone bead.;
342;H;F.1124;618/m;clay figurine;Animal figurine;clay;hand;applied;fragmentary;1;3.4+;5.7+;3.4;;;;;Body and fore legs of an animal figurine, with harness.;
343;H;F.1124;618/d;clay figurine;Animal figurine;clay;hand;applied;fragmentary;1;4.5+;8.5+;5.2+;;;;;Body of an animal figurine, with harness.;
344;C;F. 1300;448/a;Ornament;bracelet;glass;hand;;fragmentary;1;;;;0.4;5;;;Fragment of a glass bracelet, with a nearly square section.;
345;C;F.963;441/b;inscription; monumetal inscription;basalt;hand;incised;fragmentary;1;20+;;12+;8.7+;;;;Iscription fragment of fine grained basalt;
346;H;F.1117;611/c;metal tool and weapon;indeterminate;iron;hand;;fragmentary;1;;6.1+;;1.7+;;;;Iron fragment.;
348;H;F.1117;611/b;clay figurine;Animal figurine;clay;hand;applied;fragmentary;2;5.1+;8.4+;4.7;;;;;Body of an animal figurine, with harness.;
349;H;F.1124;618/b;textile tool;spindle whorl;stone;hand;;complete;1;;;;1;2.1;0.5;;Donut shaped stone spindle whorl.;
350;C;F. 963;441/f;clay figurine;chariot wheel;pottery;hand;;nearly complete;1;;;;1.7;7.2;1.2;;Discoidal chariot wheel.;
351;H;F.1127;620/b;stone vessel;tripod;basalt;hand;;fragmentary;1;6.8;;;;15;;;"Tripod fragment of fine grained basalt, elliptical section leg; rim 1.2 cm, wall 1.5 cm.";
352;H;F.1117;611/a;stone vessel;plate;basalt;hand;;fragmentary;1;4.5+;;;;;;;Plate of fine grained basalt, wall 2.1 cm, base 1.5 cm.;
353;H;F.1124;618/g;stone vessel;vessel;basalt;hand;;fragmentary;1;6+;;;;25;;;"Stone vessel of fine grained basalt; rim 1.8 cm, wall 2.2 cm.";
354;H;F.1124;618/h;stone vessel;tripod;basalt;hand;;fragmentary;1;6.1+;;;;30;;;"Tripod fragment of fine grained basalt; rim 2.3 cm, wall 3 cm.";
355;H;F.1124;618/l;stone vessel;vessel;basalt;hand;;fragmentary;1;7.8+;;;;32;;;"Stone vessel of fine grained basalt; rim 2 cm, wall 3 cm.";
356;H;F.1124;618/e;stone tool&weapon;grinder;basalt;hand;;fragmentary;1;6.8;13+;10;;;;;"Grinder of medium grained basalt; triangular se ction.";
357;H;F.1127;620/a;stone tool&weapon;grinder;basalt;hand;;fragmentary;1;7;12.5+;10.5+;;;;;"Grinder of medium grained basalt; high plano-convex section.";
358;H;F.1124;618/c;stone tool&weapon;grinder;basalt;hand;;fragmentary;1;4.2;12.2+;11.5;;;;;Grinder of medium grained basalt, plano-convex section.;
359;H;F.1124;618/i;stone tool&weapon;grinder;basalt;hand;;fragmentary;1;4.4;9.5+;12.5;;;;;"Grinder of medium grained basalt; plano convex section.";
360;H;F.1127;620/c;stone vessel;tripod;basalt;hand;;fragmentary;1;10.5;;;;32;;;"Tripod of fine grained basalt; rectangular section leg, flat rim, mortar used; rim 2.6 cm, wall 2.9 cm.";
361;H;F.1124;618/a;stone tool&weapon;grinding stone;basalt;hand;;fragmentary;1;;;;;;;;"Fragment of a medium grained basalt grinding stone; wall 5.1 cm.";
363;A west;F.661;137/a;clay figurine;Animal figurine;clay;hand;;fragmentary;1;3.7+;7.1+;3.6+;;;;;Body of an animal figurine.;
364;G;F.1064;544/a;stone tool&weapon;polishing pebble;basalt;hand;;complete;1;;13.9;1.5;1.5;0.4;;;Basalt polishing pebble.;
365;A east;F.761;204/f;indeterminate;indeterminate;pottery;hand;;complete;1;4;;;;2.9;;;Small clay cone.;
366;C;F.900;400/f;other;indeterminate;basalt;hand;;fragmentary;1;4.4;9+;8+;;;;;Indeterminate object of coarse grained basalt with a groove on a long side.;
367;G;F.1063;543/a;pottery figurine;Antropomorphic figurine;pottery;mold;;fragmentary;1;7.7+;;3.5+;0.3;;;;Fragment of a female pottery figurine with long robe.;
369;C;F.990;453/a;ornament;pin;iron;mold;;fragmentary;2;7,5;;;0,5;;;;Iron pin fragments with flat head.;
370;B;F.818;324/a;clay figurine;clay figurine;clay;hand;;fragmentary;1;3 +;3,7 +;3 +;;;;;"Body fragment of a animal clay figurine. 5YR7/6; <0.5-1 mm, <3%.";
371;C east;F.963;441/e;Stone vessel;bowl;basalt;hand;;fragmentary;1;6,6;;;;34;;;"Bowl of fine grained basalt; rim 2.2 cm, wall 2.5 cm, bottom 2.7 cm. Flat rim and bottom. Mortar used.";
372;C;F.1301;450/c;stone vessel;mortar;basalt;hand;;fragmentary;1;9.8+;;;;47;;;"Mortar of medium grained basalt; rim 4 cm, wall 4.8 cm, bottom 5.3 cm.";
373;B;F.818;324/b;stone tool&weapon;pestle;stone;hand;;complete;1;;;;;6.6;;;Nearly spherical stone pestle.;
374;A west;F.645;123/c;clay figurine;Animal figurine;clay;hand;applied;fragmentary;1;5.2+;5.6+;4.7;;;;;Forepart of an animal figurine, with harness.;
375;C east;F.1301;450/b;Stone tool;mortar;basalt;hand;;fragmentary;1;13;;;;25;;;"Mortar fragment of fine grained basalt; rim 2.5 cm, wall 6.2 cm.";
376;C east;F.963;441/c;glass conteiner;glass vessel;glass;hand;;fragmentary;1;1.9;;;;5;;;"Transparent glass ring bottom. Bottom: 0.6 cm; wall: 0.2 cm.";
377;C east;F. 1301;450/a;Ornament;bracelet;glass;hand;;fragmentary;1;;;;0.8;7;;;Fragment of a glass bracelet, with black and white stripes painted on the surface, and with triangular section.;
378;H;F.1127;622/f;stone vessel;tripod;basalt;hand;;fragmentary;1;10.5+;;;;;;;"Tripod fragment of fine grained basalt, vertical short leg;mortar used. Wall 3.3 cm.";
379;H;F.1127;622/b;stone vessel;vessel;basalt;hand;;fragmentary;1;6.6+;;;;;;;"Vessel of fine grained basalt high foot, carenated, ring bottom, mortar used; wall 3.2 cm, bottom 4.9 cm.";
380;A west;F.656;138/a;clay figurine;Animal figurine;clay;hand;applied;fragmentary;1;5.1+;5.3+;4.2+;;;;;Forepart of an animal figurine, with harness.;
381;A east;F.766;207/b;clay figurine;figurine;clay;hand;;nearly complete;1;4.8;5.3;3.7;;;;;Clay miniatur of bed or horse? ;
382;A east;F.766;207/a;stone vessel;vessel;basalt;hand;;fragmentary;1;5.3+;;;;;;;Basalt vessel, base diameter 11 cm, base thickness 4 cm.;
383;H;F.1127;622/g;clay figurine;clay figurine;clay;;applied;fragmentary;1;5.2+;4.1+;3.4;;;;;Head of clay horse with applied eyes and harness.;
384;C east;F. 1303;450/d;Ornament;bracelet;glass;hand;;fragmentary;1;;;;0.8;7;;;Fragment of a glass bracelet, with triangular section.;
385;G;F.1069;548/a;stone vessel;bowl;basalt;hand;;fragmentary;1;6.8;;;;29;;;"Bowl of fine grained basalt; rim 2.1 cm, wall 1.8 cm, bottom 2.2 cm, bottom d. 13 cm. Flat rim, ring bottom.";
386;via colonnata tratto sud;surface;;coin;coin;bronze;moult;;complete;1;;;;0.2;1.8;;2;Bronze coin. Recto: head, inscription. Verso: illegible figure and inscription.;
387;surface;Inner Town;1002/a;textile tool;spindle whorl;stone;hand;;complete;1;;;;0.6;2.4;0.3;;Tronco-conical stone spindle whorl.;
388;G;F.1069;547/a;textile tool;needle;bone;hand;;complete;1;;7.8;1.7;0.4;;;;Leaf shaped bone needle.;
389;G;F.1069;547/b;Architectural frag.;Orthostat;basalt;hand;;fragmentary;1;5.4+;7.4+;4.5+;;;;;Corner fragment of a fine grained basalt orthostat.;
390;H;F.1127;622/e;stone tool&weapon;grinder;basalt;hand;;fragmentary;1;4;10+;11.5;;;;;"Grinder of medium grained basalt; plano-convex section.";
391;H;F.1127;622/d;stone tool&weapon;grinder;basalt;hand;;fragmentary;1;4.6;14+;12;;;;;Grinder of medium grained basalt, shallow plano-convex section.;
392;H;F.1127;622/c;stone tool&weapon;grinder;basalt;hand;;fragmentary;1;4;4+;10.5;;;;;Grinder of medium grained basalt, plano-convex section.;
393;H;F.1127;622/a;stone tool&weapon;grinding stone;basalt;hand;;nearly complete;1;10.5+;25+;23+;;;;;"Grinding stone of fine grained basalt; shallow depression.";
394;C east;F.990;453 /c;glass conteiner;glass vessel;glass;hand;;fragmentary;1;2.1;;;;7;;;"Green glass rim. Rim:0.2 cm; wall: 0.2 cm.";
395;C east;F.990;453/b;glass conteiner;glass vessel;glass;hand;;fragmentary;1;0.7;;;;;;;"Black glass rim. Rim:0.3 cm; wall: 0.3 cm.";
396;C east;F. 990;453/e;Ornament;bracelet;glass;hand;;fragmentary;1;;;;0.5;4;;;Fragment of a torquoise glass bracelet, with emicircular section.;
397;C;F.964;435/b;ornament;bracelet;glass;hand;;fragmentary;1;;;;0.7;9;;;Fragment of a glass bracelet, with triangular section.;
398;A west;W.623;130/d;stone vessel;vessel;basalt;hand;;fragmentary;1;9.3;;;;26;;;"Vessel of fine grained basalt; rim 2.2 cm, wall 4.4 cm, bottom 5.4 cm, bottom d.15. Flat rim, vertical wall, ring bottom.";
399;C;F.964;435/a;ornament;bracelet;glass;hand;;fragmentary;1;;;;0.8;6;;;Fragment of a torqouise glass bracelet, with emicircular section.;
400;C east;F.990;435/a;stone vessel;bowl;basalt;hand;;fragmentary;1;6,4;;;;25;;;"Bowl of fine grained basalt; rim 1.8 cm, wall 3.1 cm.";
401;B;F.807;308/d;clay figurine;Animal figurine;clay;hand;;fragmentary;1;4.3+;5.2+;3.8+;;;;;Hinder part of an animal figurine.;
402;B;F.809;313/e;clay figurine;Antropomorphic figurine;clay;hand;applied;fragmentary;1;3.8+;;5.5;1.6+;;;;"Part of a body of an antropomorphic figurine, with hands to his chest.
10 YR 8/3;";
403;C east;F.956;431/a;clay figurine;clay figurine;clay;hand;;fragmentary;1;2.3;5.9+;3.8;;;;;Clay horse body;
404;G;F.1069;548/d;clay figurine;Animal figurine;clay;hand;applied;fragmentary;1;5.3+;;2.2;2.2;;;;Head of an horse figurine without snout.;
405;surface;Colonnaded Street;1001/b;other;indeterminate;bronze;mold;;fragmentary;1;3.3+;5.5+;3.5+;1.6;;;;Bronze fragment with one side smoothed. (wall of a metal vessel?);
406;A west;F.666;140/b;indeterminate;lamina;iron;-;;fragmentary;26;;;;0.8;;;;Fagments of iron lamina (modern?);
407;H;F.1127;621/;clay figurine;figurine;clay;hand;;fragmentary;1;4.9+;;3.4;2.8;;;;Lowest part of anthropmorfic clay figurine, with legs (or feet);
408;C;F.1301;450/b;stone vessel;vessel;basalt;hand;;fragmentary;1;13.5;;;;30;;;"Vessel of medium grained basalt; rim 2.2 cm, wall 5.8 cm, base 3 cm.";
409;A west;F.666;140/a;metal ornament;pin;bronze;hand;;nearly complete;1;;7.6+;;0.4;;;;Bronze pin.;
410;G;F.1075;558/d;metal tool&weapon;spear head;iron;hand;;nearly complete;1;;12.2;1.5;0.3;;;;Iron spear head.;
411;C;F. 990;443/b;Ornament;bead;glass paste;hand;;complete;1;;;;0.4;1;0.3;;Donut shaped glass paste bead.;
412;G;F.1072;555/b;stone vessel;bowl;basalt;hand;;fragmentary;1;6.7;;;;27;;;"Bowl of fine grained basalt; rim 1.6 cm, wall 2.8 cm, bottom 3.2 cm, bottom d. 18. Flat rim, ring bottom, mortar used.";
413;G;F.1075;558/b;pottery figurine;Antropomorphic figurine;pottery;mold;;fragmentary;1;5+;;3.4+;2+;;;;Fragment of a female pottery figurine, only head preserved.;
414;H;F.1100;628/a;clay figurine;Animal figurine;clay;hand;;fragmentary;1;4+;7+;3.7+;;;;;Body of an animal figurine.;
415;G;F.1075;558/a;pottery figurine;Antropomorphic figurine;pottery;mold;;fragmentary;1;7.4+;;5.5+;1;;;;Fragment of a female figurine that holding a tablet.;
416;G;F.1068;556/a;stone tool&weapon;polisher;stone;hand;;complete;1;;12.5;3.2;1.3;;;;Stretched stone polisher.;
417;G;F.1072;555/a;clay figurine;Antropomorphic figurine;clay;hand;;fragmentary;1;6.2+;;4.9+;2.6;;;;Antropomorphic figurine, with hands to the chest.;
418;H;F.1134;626/b;stone tool&weapon;grinder;basalt;hand;;fragmentary;1;4.4+;8.5+;6.7+;;;;;Grinder of medium grained basalt.;
419;H;F.1134;626/a;stone tool&weapon;grinder;basalt;hand;;fragmentary;1;6.3;10.5+;11.5+;;;;;"Grinder of medium grained basalt; plano-convex section.";
420;G;F.1075;558/c;pottery figurine;;pottery;mold;;fragmentary;1;6.2+;;4+;0.4;;;;Fragment with a horse leg.;
421;H;F.1132;623/a;clay figurine;Animal figurine;clay;hand;applied;fragmentary;1;5+;8.9+;5.2+;;;;;Body of an animal figurine, with harness.;
422;G;F.1070;550/a;clay figurine;Animal figurine;clay;hand;applied;fragmentary;1;4.2+;7.1+;4.8;;;;;Body of an animal figurine, with harness.;
423;G;F.1074;553/a;clay figurine;Animal figurine;clay;hand;applied;fragmentary;1;3.1;5.8+;3.5;;;;;Snake head of a clay figurine.;
424;C;F.1325;459/a;sculpture;relief;basalt;hand;;fragmentary;1;22.3+;;12+;16.9+;;;;Fragment of medium-grained basalt relief with lion hides.;
425;A west;W.623;130/b;stone tool;mortar;limestone;hand;;complete;1;45;;;;55;28,5;;Nearly circular mortar of limestone. (IN SITU);
426;A west;W.623;130/c;stone tool;mortar;limestone;hand;;complete;1;60;74;65;;;31;;Rectangular mortar of limestone.;
427;est via collonata;surface;;coin;coin;bronze;moult;;complete;1;;;;0.2;1.9;;4;Bronze coin. Recto: men's head. Verso: illegible.;
428;G;F.1082;561/a;metal ornament;pin;bronze;hand;;nearly complete;1;;8.1+;;0.3;;;;Bronze pin.;
429;A west;F.656 (sul pavimento L.665);136/a;metal tool&weapon;nail;iron;hand;;nearly complete;1;;9.9+;;1.3;;;;Iron nail with square section.;
430;est via collonata (50 m N rampart);surface;;coin;coin;bronze;moult;;complete;1;;;;0.25;2.1;;4;Bronze coin, recto and verso illegible.;
431;G;F.1077;559/a;ornament;pin;bone;hand;incised;nearly complete;1;5.7+;;;0.7;;;;Bone pin with geometrical decoration incised.;
432;C;F.1315;458/a;glass conteiner;glass vessel;glass;hand;;fragmentary;1;1.9+;;3.2+;3.4+;;;;"Yellow glass handle. Handle 0.3cm; wall: 0.2 cm.";
433;G;F.1077;559/b;stone vessel;vessel;basalt;hand;;fragmentary;1;2.8+;;;;;;;"Vessel of fine grained basalt; wall 1 cm, base 0.9 cm.";
434;H;surface;;sculpture;statue;basalt;hand;;fragmentary;1;12.1+;;10.5+;4.4+;;;;Statue of medium-grained basalt, with lion hides.;
435;Inner Town;surface;;coin;coin;bronze;moult;;complete;1;;;;0.2;1.3;;1;Bronze coin, recto and verso illegible.;
436;C;F.1343;470/a;coin;coin;bronze;mold;;nearly complete;1;;;;0.3;1.6;;0.1;Bronze coin.;
437;Lower Palace Area (east Area C);surface;;coin;coin;bronze;moult;;complete;1;;;;0.2;1.7;;1;Bronze coin, recto and verso illegible.;
438;Inner Town;surface;;coin;coin;bronze;moult;;complete;1;;;;0.2;2.1;;3;Bronze coin. Recto: men's head and latin inscription?. Verso: illegible figure in the center and latin inscription?.;
439;H;F.1100;628/b;coin;coin;bronze;moult;;complete;1;;;;0.35;3.1;;11;Bronze coin. Recto: Jesus Christ, latin inscription. Verso: latin inscription.;Verso: 1)(cross) IH.., 2)XRIST., 3) BASIL, 4) BASIL
440;A west;F.677;151/b;modern object;handle?;iron;;;complete;1;;;;;;;;Modern iron handle from forniture???;
441;A west;F. 674;147/a;clay figurine;animal figurine;clay;hand;applied;fragmentary;1;5.7+;3.9+;4.4+;;;;;Forepart of an animal figurine, with harness.;
442;G;F.1081;562/c;clay figurine;Animal figurine;clay;hand;applied;fragmentary;1;5.1+;8.5+;5.8+;;;;;Body and forepart of an animal figurine, with harness.;
443;E;F.400;1/a;textile tool;spindle whorl;stone;hand;;nearly complete;1;1;;;;2.3;0.3;;Conical spindle whorl.;
444;C east;F.1320;457/a;sculpture;relief;basalt;hand;;fragmentary;1;18.8+;;19.4+;13+;;;;Fragmentary external part of orthostat deep incised.;
445;A west;F.677;151/c;stone tool;mortar;limestone;hand;;complete;1;55;86;67;;;33,5;;Rectangular mortar of limestone. (IN SITU);
447;A west;F.677;151/a;clay figurine;animal figurine;clay;hand;;fragmentary;1;7.2+;6.7+;5.4+;;;;;Hinder part of an animal figurine.;
448;B;F.807;308/;clay figurine;clay figurine;clay;hand;applied;fragmentary;1;6,3 +;;4,8 +;2,4 +;;;;"Indeterminate fragment of a clay figurine. 7.5YR8/3; <0.5 mm, <3%.";
449;C;F.963;430/a;stone vessel;vessel;basalt;hand;;fragmentary;1;6+;;;;;;;"Vessel of fine grained basalt, only base preserved; base 4 cm.";
450;G;surf.;;pottery figurine;pottery figurine;pottery;mold;;fragmentary;1;3,6 +;3,7;2 +;;;;;"Female head of a pottery figurine.7.5YR8/3; <0.5-1 mm, <3%.";
451;surface;Inner Town;1002/f;clay figurine;Animal figurine;clay;hand;applied;fragmentary;1;11;4.8+;5.1;;;;;Forepart of an horse figurine, with harness.;
452;C;F. 1329;463/a;Ornament;bracelet;glass;hand;;fragmentary;1;;;;0.7;8;;;Fragment of a twisted glass bracelet, with circular section.;
453;G;F.1081;562/a;textile tool;spocket;clay;hand;;nearly complete;2;;8.8;5;3.8;;;;Clay spocket with cilindrical section and three fingerprints on one end.;
454;H;F.1127;622/h;other;door socket;basalt;hand;;nearly complete;2;;17+;13.5+;6.8;;;;Door socket of medium grained basalt.;
455;A west;F.679;152/c;modern object;indeterminate;steel?;;;complete;1;;;;;;;;Fold steel lamina with holes.;
456;Inner Town;surface;;modern object;indeterminate;iron;;;complete;1;;;;;;;;Iron object, bird-shape, with 2 holes.;
457;G;F.1081;562/d;ornament;bead;amber;hand;;complete;1;;;;0.9;1.3;0.3;;Donut shaped bead.;
458;A east;F.772;155/b;other;indeterminate;iron;hand;;fragmentary;1;;8.4+;;0.8+;;;;Iron fragment.;
459;G;F.1081;562/b;other;clay figurine;pottery;hand;;complete;1;;;;1.3;5.1;0.9;;Discoidal chariot wheel.;
460;G;F.1081;562/e;clay figurine;Antropomorphic figurine;clay;hand;applied;fragmentary;1;3.9+;;5.9+;3+;;;;Part of the body of an antropomorphic figurine, with one arm on his chest. 5YR8/4. Inclusion: 3-10%,;
461;G;F.1084;564/a;other;indeterminate;bone;hand;;fragmentary;1;;9.2+;1.5+;1;;;;Fragment of a bone object.;
462;G;F.1084;563/a;clay figurine;Animal figurine;clay;hand;applied;fragmentary;2;4.8+;4.7+;3.2+;;;;;Head of an horse figurine.;
463;C;F.943;421/b;other;clay figurine;pottery;hand;;nearly complete;1;;;;1.1;5.7;0.6;;Discoidal chariot wheel.;
464;C east;F.1357;478/a;metal tool and weapon;hinge;bronze;mold;;fragmentary;2;10,1 +;;3,5;1,7;;;;Fragments of bronze hinge (belonging to a chest?);
465;C east;F.1392;495/a;sculpture;relief;limestone;hand;;complete;1;135,5;100;25;;;;;Limestone ortostat with fighting scene between a bull and, probably, a lion. Reused as a base for Royal Buttress ortostat. (IN SITU);
466;Woolley's boulvard;surf.;;sculpture;sculpture;basalt;hand;;fragmentary;1;15 +;12 +;9 +;;;;;Sculpture fragment of fine grained basalt.;
467;A west;F.679;152/a;other;indeterminate;iron;hand;;fragmentary;1;;1.5+;1.5+;0.3;;;;Iron slag.;
468;C east;F.1357;478/c;metal tool & WEAPON;hinge;bronze;hand;;fragmentary;1;;3;2,4;0,4;;;;Fragment of a bronze hinge.;
469;Woolley's boulvard;surf.;;sculpture;relief;basalt;hand;;fragmentary;1; 15 +;26,5 +;14 +;;;;;Relief fragment of fine grained basalt with an arm.;
470;A west;F.681;153/a;coin;coin;bronze;moult;;complete;1;;;;0.3;1.2;;1;Bronze coin, recto and verso illegible.;
471;est via collonata;surface;;coin;coin;bronze;moult;;complete;1;;;;0.2;1.6;;3;Bronze coin. Recto: men's head, inscription?. Verso: illegible figure and inscription.;
472;est via collonata;surface;;coin;coin;bronze;moult;;complete;1;;;;0.3;2;;4;Bronze coin. Recto: men's head. Verso: illegible.;
473;est via colonnata;surface;;coin;coin;bronze;moult;;complete;1;;;;0.2;1.6;;1;Bronze coin. Recto: men's head. Verso: 2 men and object in the center and inscription.;
474;E via colonnata;surface;;coin;coin;bronze;moult;;complete;1;;;;0.4;2.5;;10;Bronze coin, recto and verso illegible.;
475;C;F.1334;465/a;metal ornament;bracelet or pin;bronze;hand;incised;fragmentary;1;3;;;;0.4;;;Fragment of bronze bracelet or pin, ldecored with incised lines.;
476;A east;F.772;155/a;clay figurine;Animal figurine;clay;hand;;fragmentary;1;5.6+;6.1+;5+;;;;;Hinder part of an animal figurine. 10YR7/3. Inclusion: 3-10%,;
477;C east;F.990;453/;clay figurine;animal figurine;clay;hand;applied;fragmentary;1;4.1+;4.4+;4.3+;;;;;Forepart of an animal figurine, with harness. 7.5YR7/4. Inclusion: 3-10%, <0.5mm;
478;A west;F.686;156/b;Stone vessel;vessel;basalt;hand;;fragmentary;1;4.7;;;;;;;"Fragment of a fine grained basalt vessel. Rim: 0.8; Wall:1.9";
479;A east;F.774;156/a;clay figurine;Antropomorphic figurine;clay;hand;applied;fragmentary;1;6.8+;;5.8;2.6;;;;Body of an antropomorphic figurine, with hands on his chest. 7.5YR8/4. Inclusion:;
480;C;F.1329;463/b;clay figurine;animal figurine;clay;hand;applied;fragmentary;1;6 +;8,8;5,3 +;;;;;"Body fragment of a horse figurine with harness. 5YR7/2; <0.5 mm, <3%";
481;C east;F.1328;462/a;clay figurine;animal figurine;clay;hand;applied;fragmentary;1;4 +;4,5;2,4;;;;;"Head of a horse figurine with harnes. 5YR8/2; <0.5 mm, <3%";
482;C;F.1317;464/a;clay figurine;Animal figurine;clay;hand;applied;fragmentary;1;3.8+;8.9+;3.1+;;;;;Body of an animal figurine, with harness. 5YR7/4. Inclusion:;
483;A east;F.776;159/a;clay figurine;Animal figurine;clay;hand;applied;fragmentary;1;6.1+;4.4+;3.2+;;;;;Forepart of an animal figurine, with harness. 5YR7/4. Inclusion:;
484;A west;F.687;158/c;stone vessel;bowl;basalt;hand;;fragmentary;1;4.6+;;;;17;;;"Bowl of fine grained basalt, carenated, with handle along the diameter, mortar used; ring bottom. Rim 0.9 cm, wall 1.5 cm, base 2.2 cm.";
485;A west;F.687;158/a;stone vessel;bowl;basalt;hand;;fragmentary;1;5.5+;;;;20;;;"Bowl of fine grained basalt; rim 1 cm, wall 1.9 cm.";
486;Guray Cemetery;;;inscription;monumental inscription;basalt;hand;;fragmentary;1;106;;56,5;40,5;;;;Inscription fragment of fine grained basalt.(IN SITU);
487;Guray field;;;sculpture;relief with inscription;basalt;hand;;fragmentary;1;70,5;;43;46;;;;Relief fragment of fine grained basalt with part of an harm with bow and iscription.(IN SITU);
488;B;F.687;158/b;modern object;cup;tinplate;moult;;complete;1;;;;;;;;Modern cup of tinplate.;
489;Acropoli;F.1000;;;relief;basalt;hand;;fragmentary;1;12 +;12,5 +;9 +;;;;;Relief fragment of fine grained basalt with a horn.;
491;C east;F.1357;478/d;indeterminate;indeterminate;bronze;-;;fragmentary;3;;;0.8;0.2;0.6;;;Fragment of bronze lid?;
492;C east;F.1357;478/g;metal tool & WEAPON;brazier;iron and bronze;hand;;fragmentary;1;;;4.5;0.9;25;;;Part of assirian movable brazier?;
493;C eat;F.1357;478/e;metal tool and weapon;lamina;bronze;hand;;fragmentary;many pieces;;;;;;;;Many pieces of bronze lamina, probaly part of brazier KH.12.O.492. ;
494;C east;F.1357;478/j;metal ornament;bracelet;bronze;hand;;fragmentary;1;;;;0.2;6;;;Fragment of a bronze bracelet.;
495;E via colonnata;surface;;coin;coin;bronze;moult;;complete;1;;;;0.7;2.1;;9;Bronze coin, recto and verso illegible.;
496;est via colonnata;surface;;coin;coin;bronze;moult;;complete;1;;;;0.6;2;;7;"Bronze coin, recto: seated man?, inscription; verso illegible.";
497;A east;F.769;153/b;clay figurine;Animal figurine;clay;hand;applied;fragmentary;1;2.7+;3.8;2.2;;;;;"Head fragment of a horse figurine.
5YR8/3; 0.5 - 1 mm,";
498;C east;F.1357;478/f;METAL TOOL & WEAPON;hinge;bronze;hand;;fragmentary;1;2.2;;4.1;;2.2;1.6;;Bronze door hinge with one hole (d.0.25) for nail.;
499;C;F.1329;466/a;modern object;handle?;iron;;;fragmentary;1;;;;;;;;Modern iron handle from forniture???;
500;C;F.1356;475/a;METAL TOOL & WEAPON;hinge;bronze;hand;;fragmentary;1;2.1;;2.1;2.4;;0.8;;Bronze door hinge with 2 nails.;
501;C;F.1329;466/b;metal tool&weapon;graffa;iron;hand;;nearly complete;1;3,8;;1,5;0,2;;;;Nail with square head and rectangular section leg.;
502;A west;F.688;163/a;clay figurine;animal figurine;clay;hand;applied;fragmentary;1;5,2 +;3,6;;1,9;;;;"Horse head. 10YR 8/2; <0.5 mm, <3%.";
503;C;Royal buttress;;sculpture;statue;basalt;hand;;fragmentary;1;8.7+;;20.3+;6.5+;;;;Fragment of statue of medium-grained basalt, with turned part.;
504;C;Royal buttress;;sculpture;statue;basalt;hand;;fragmentary;1;15.2+;;15.9;8.1+;;;;Fragment of statue of medium-grained basalt, with turned part.;
505;C;F.1359;483/b;metal vessel;metal vessel?;bronze;hand;;fragmentary;1;2.8;;;;9.1;;;"Flat bottom of bronze vessel,empty inside. Bottom: 0.7 cm; wall:0.2 cm";
506;A west;F.684;155/b;metal tool&weapon;spatula;iron;hand;;complete;1;8,5;;0,6;0,4;;;;Iron spatula with flat head.;
507;C;F.1356;476/a;clay figurine;clay figurine;clay;;applied;fragmentary;2;8.2+;7.8+;3.3+;;;;;Clay horse with one leg, applied eyes and harness.;
508;A east;F.769;153/c;textile tool;loom weight;pottery;hand;;complete;1;7.7;;;3.4;;;;Tronco-pyramidal loom weight.;
509;Via colonnata;surface;;ornament;bracelet;glass;hand;;fragmentary;1;;;;0.6;6;;;Fragment of a twisted glass bracelet, with circular section.;
510;C east;F.1359;483/a;stamp seal;stamp seal;stone;hand;incised;fragmentary;1;2.3;;1.9+;1.8;;0.2;;White stone stamp seal troncoconical-shape. Two side incised: at the bottom and one big side.  1) On the big side: offerent man with beard, fringed dress, and rounded tiara, long hair with curly on the end under the star. 2) Offerent, with the long smooth dress, in front of the altar;
511;C east;F.1320;456/a;textile tool;spindle whorl;stone;hand;;nearly complete;1;;;;0.7;2.4;0.5;;Emispherical stone spindle whorl.;
512;C east;F.1325;459/a;inscription;monumental inscription;basalt;hand;;fragmentary;1;6+;;5.8;4+;;;;Monumental hieroglific inscription of fine-grained basalt.;
513;C east;F.1357;478/h;other;indeterminate;bronze;mold;;fragmentary;16;;;0,3;;;;;Fragments of a bronze lamina;
514;C east;F.1357;478/i;METAL TOOL & WEAPON;sword;iron;;;nearly complete;4;;37.9;5.3;3.3;;;;Iron sword. Smooth and tapered blade (25.1 x 4 x1.4 cm), hilt (12.8 x 5.3 x 3.3 cm) heart-shape in the blade insert, with pommel.;
515;C;F.995;445/a;sculpture;relief;basalt;hand;;fragmentary;1;60;61;48;;;;;Relief fragment of fine grained basalt with lion head.(IN SITU);
516;outer town;;;clay figurine;clay figurine;clay;hand;applied;fragmentary;1;3,4 +;8 +;4,2 +;;;;;Body fragment of an animal clay figurine with harness. 5YR8/3, <0,5-1 mm, <3%.;
517;Rampart;F.1005;1005/a;clay figurine;antropomorphic figurine;clay;hand;incised;complete;1;7,9;;3,8;3,2;;;;"Tronco conical antropomorphic figurine rough made.
2.5YR6/6; <0.5 mm, <3 %";
518;C east;F.1352;489/b;clay figurine;animal figurine;clay;hand;applied;fragmentary;1;5+;0,16875;2.6+;;;;;Head of an animal figurine. 10YR7/4. Inclusion: <3%, 0.5-1mm ;
519;outer town;surface;;clay figurine;clay figurine;clay;hand;applied;fragmentary;1;7,8 +;3,8 +;4,7 +;;;;;"Fragment of an horse figurine with harness. 5YR8/2; <0.5 mm, <3%.";
520;C east;F.1356;475/b;textile tool;loom weight;clay;hand;;nearly complete;1;3.5;;;;4.8;;;Clay biconcal loom weight;
521;C east;F.1376;491/a;indeterminate;indeterminate;iron;-;;fragmentary;1;;;;0.75;12;;;Fragment of iron circular object.;
522;C east;F.1352;489/w;METAL TOOL & WEAPON;indeterminate;bronze;hand;;fragmentary;1;;5.4+;2;0.5;;;;Indeterminate bronze lamina (blade?);
523;C east;F.1352;489/x;indeterminate;indeterminate;iron;-;;fragmentary;1;;;;1;14;4;;Fragment of iron circular object with hole in the center. ;
524;est via colonnata;surface;;coin;coin;copper;moult;;complete;1;;;;0.25;1.75;;2;Bronze coin. Recto: men's head and latin inscription. Verso: 2 warrior with spear and short skirt and object in the center and latin inscription.;
525;A east;F.781;208/d;glass conteiner;glass vessel;glass;hand;;fragmentary;1;;;;;;;;Fragmentary  transparent glass vessel ;
526;A east;F.781;208/d;modern object;dice;plastic;;;fragmentary;1;;;;;;;;Plastic dice.;
527;A west;F.674;157/a;Ornament;bead;glass paste;hand;;nearly complete;1;;;;0.4;1;0.2;;Orange glass paste bead.;
528;C east;F.1368;488/c;textile tool;spindle whorl;stone;hand;;complete;1;;;;0.8;2.2;0.2;;Emispherical stone spindle whorl.;
529;C east;F.1368;488/b;stone vessel;bowl;basalt;hand;;fragmentary;1;4,3 +;;;;20;;;Bowl fragment of fine grained basalt, rim 2.3 cm, wall 1 cm.;
530;A west;W.5;165/a;clay figurine;Animal figurine;clay;hand;applied;fragmentary;1;5.1+;5.2+;3.2;;;;;Head of an horse figurine, with harness. 5YR7/4. Inclusion;
531;C east;F.1376;491/t;metal tool&weapon;harrowhead;iron;mold;;fragmentary;2;5,8;;1,1;0,8;;;;Iron harrowhead,romboidal shaped.;
533;C east;F.1376;491/c;metal tool&weapon;harrow head;iron;mold;;nearly complete;1;5,9;;1,4;0,9;;;;Iron harrowhead, leaf shaped.;
534;C east;F.1352;489/a;metal vessel;metal vessel;iron;hand;;fragmentary;6;3.4;;;;12;;;Iron bowl, high foot, extroflex rim, carenated. Bottom: d. 4.4 cm, rim: 0.5, wall: 0.6 cm.;
535;A west;F.1300;166/c;METAL TOOL & WEAPON;nail;bronze;hand;;fragmentary;1;6.9+;;0.6;0.6;;;;Fragment of nail stem, square section.;
536;A west;F.1300;166/b;METAL TOOL & WEAPON;nail;bronze;hand;;complete;1;2.5;;;;0.7;;;Small bronze nail, round head and stam section.;
537;A west;F.1300;166/a;metal tool&weapon;nail;bronze;hand;;fragmentary;1;2 +;;1;0,4;;;;Fragment of a bronze nail with circular head and rectangular section.;
538;A east;F.781;208/f;METAL TOOL & WEAPON;key;iron;moult;;fragmentary;1;2.9;5.1+;;;1.1;;;Iron key with teeth.;
539;A east;F.781;208/b;glass conteiner;glass vessel;glass;hand;;fragmentary;1;1.4+;;;;12;;;"White glass rim. Rim 0.6 cm; wall: 0.8 cm. ";
540;A west;F. 62?;168/b;stone tool;mortar;basalt;hand;;nearly complete;1;6;;;;15;;;Stone vessel of fine grained basalt with shallow depression.;
541;C east - Royale Buttress;F.1395;497/a;sculpture;relief;basalt;hand;;fragmentary;1;9.1+;;12.3+;3.7+;;;;Fragment of medium-grained basalt relif with eye incised.;
542;C east;F.1368;488/a;other;bone figurine;bone;hand;incised;fragmentary;1;5.7+;;0.9+;1.1;;;;Bone figurine rappresented the gowned man. Perticular of hair, face, hand and dress incised. ;
543;A west;F.689;159/b;METAL TOOL & WEAPON;pin;bronze;hand;;fragmentary;1;5.9+;;1.2;1;0.5;;;Bronze pin,round section stem, curl head.;
544;C east;F.1376;491/d;metal tool&weapon;harrow head;iron;mold;;nearly complete;1;2,8;;0,9;0,7;;;;Iron harrowhead, piramidal shaped.;
546;C east;F.1376;491/f;metal tool&weapon;harrow head;iron;mold;;complete;1;3,5;;1,1;0,9;;;;Iron harrowhead, piramidal shaped.;
547;C east;F.1376;491/g;metal tool&weapon;harrow head;iron;mold;;nearly complete;1;3,2;;;1;;;;Iron harrowhead, piramidal shaped.;
548;C east;F.1376;491/h;METAL TOOL & WEAPON;arrowhead;iron;moult;;complete;1;;4.6;0.8;0.8;;;; Piramidal-shape, square section iron arrowhead ;
549;C;F.1376;491/i;metal tool&weapon;harrow head;iron;mold;;complete;1;5;;1;0,8;;;;Iron harrowhead,romboidal shaped.;
550;C east;F.1376;491/j;metal tool&weapon;harrow head;iron;mold;;nearly complete;1;5,6;;1,4;0,8;;;;Iron harrowhead, romboidal shaped.;
551;C east;F.1376;491/k;metal tool&weapon;harrow head;iron;mold;;nearly complete;1;4,5;;1;0,8;;;;Iron harrowhead, piramidal shaped.;
552;C east;F.1376;491/l;metal tool&weapon;harrow head;iron;mold;;complete;1;3,7;;0,8;0,7;;;;Iron harrowhead, piramidal shaped.;
553;C east;F.1376;491/m;metal tool&weapon;harrow head;iron;mold;;complete;1;4;;0,9;0,9;;;;Iron harrowhead, piramidal shaped.;
554;C east;F.1376;491/n;metal tool&weapon;harrow head;iron;mold;;nearly complete;1;3,3;;0,8;0,8;;;;Iron harrowhead, piramidal shaped.;
555;C east;F.1376;491/o;metal tool&weapon;harrow head;iron;mold;;complete;1;4,3;;0,9;0,8;;;;Iron harrowhead, piramidal shaped.;
556;C east;F.1376;491/p;metal tool&weapon;harrow head;iron;mold;;fragmentary;1;1,4 +;;0,9;0,4;;;;Fragment of an iron harrowhead.;
557;C east;F.1376;491/q;METAL TOOL & WEAPON;arrowhead;iron;moult;;fragmentary;1;;2.7;0.8;0.7;;;;Romboidal-shape, square section iron arrowhead.;
558;C east;F.1376;491/r;metal tool&weapon;harrow head;iron;mold;;nearly complete;1;3,1;;1,1;1;;;;Iron harrowhead, piramidal shaped.;
559;C east;F.1376;491/s;metal tool&weapon;harrow head;iron;mold;;complete;1;5,3;;1,4;1;;;;Iron harrowhead, piramidal shaped.;
560;C east;F.1376;491/u;metal tool&weapon;harrow head;iron;mold;;complete;1;4,6;;0,8;0,8;;;;Iron harrowhead, piramidal shaped.;
561;C east;F.1376;491/b;metal tool&weapon;harrow head;iron;mold;;complete;1;4,2;;1,2;0,9;;;;Iron harrowhead, romboidal shaped.;
562;C east;F.1376;491/z;metal tool&weapon;harrow head;iron;mold;;complete;1;4,3;;0,8;0,7;;;;Iron harrowhead, piramidal shaped.;
563;A west;F.621;168/a;sculpture;statue;basalt;hand;;fragmentary;1;7.5+;;7.8+;2.2+;;;;Fragmentary statue of medium-grained basalt with 4 vertical lines incised. ;
564;C east (RB);W.1386;499/a;sculpture;relief;limestone;hand;;fragmentary;1;93,5;54;26;;;;;Half limestone ortostat with a very eroded bull. Reused in Royal Buttress structure. (IN SITU);
565;C east;F.1345;476/q;stone vessel;vessel;basalt;hand;;fragmentary;1;;;;;;;;"Base fragment of fine grained basalt; wall 1.7 cm, base 1 cm.";
566;C east;F.1345;471/a;clay figurine;clay figurine;clay;hand;applied;fragmentary;1;7,8 +;7,7 +;5,1 +;;;;;"Fragment of animal clay figurine, head and part of the body preserved. 2.5Y8/2; <0.5 mm, <3%.";
567;Woolley's boulvard;surface;;sculpture;sculpture;basalt;hand;;fragmentary;1;12,5 +;10 +;10,5 +;;;;;relief fragment of fine grained basalt.;
568;Woolley boulvard;surface;;sculpture;relief;basalt;hand;;fragmentary;1;13.5+;;11.3+;7.1+;;;;Relif of medium-grained basalt, with lion plait.;
569;C east;F.1345;476/i;sculpture;relief;basalt;hand;;fragmentary;1;10.2+;;4.2+;1.6+;;;;Fragagment of relief with linear part in relief.;
570;C east;F.1345;476/l-m-c;inscription;monumental inscription;basalt;hand;;fragmentary;1;23.7+;;16.9+;9.9+;;;;Angolar part of monumental inscription (2 lines) of fine-grained basalt.;
571;Lawrence's house;F.1502;590/c;modern object;padlock;iron;;;complete;1;;;;;;;;Padlock from the Woolley's house;
572;Lawrence's house;F.1502;590/a;Modern object;tube;aluminium;;;nearly complete;1;;;;;;;;Aluminium tube (toothpaste or tempera?).;
573;G;F.1086;566/a;ornament;bead;amber;hand;;nearly complete;1;1.5;;;;1.9;0.35;;Amber spherical bead, hole 2-side perfored. ;
574;A west;F.1416;178/b;clay figurine;clay figurine;clay;hand;applied;fragmentary;1;6,6 +;;4,9 +;2,4;;;;"Body fragment armless and headless of an humanoid clay figurine. 10YR8/1; <0.5 mm, <3%.";
575;A west;F.1409;170/a;stone tool and weapon;polisher;stone;hand;;fragmentary;1;;4.7+;2.7+;4.1;;;;Fragmentary elonged polisher of black stone;
576;A west;F.1049;170/b;stone vessel;stone vessel;basalt;hand;;fragmentary;1;7.8;;;;33;;;Fragmentary stone vessel of medium-grained basalt, flat rim, mortar used. Rim:2.5  cm, Wall:2.9 cm;
578;Magazzino Woolley house;surface;;inscription;monumental inscription;basalt;hand;;fragmentary;1;13.5+;;10.6+;6.8+;;;;Monumental hieroglific inscription of medium-grained basalt.;
580;C east;F.1380;800/a;METAL TOOL & WEAPON;key;iron;;;fragmentary;1;;4.6;1.6;0.9;;;;Fragment of iron key, with one tooth.;
581;A west;F.24;175/a;architectonical part;frieze;limestone;hand;;fragmentary;1;7.4+;;10.3+;11.1;;;;Fragmentary roman frieze of limestone.;
582;C east;F.1345;476/f;ornament;fibula;bronze;hand;;fragmentary;1;2.4+;6.1;1;0.6;0.6;;;Bronze fibula with cube decoretion.;
583;via colonnata tratto sud;surface;;coin;coin;copper;moult;;complete;1;;;;0.1;1.6;;> 1;Copper coin. Recto: illegible. Verso: arabic inscription?.;
584;via colonnata tratto sud;surface;;coin;coin;bronze;moult;;complete;1;;;;0.3;1.6;;2;Bronze coin, recto and verso illegible.;
585;via colonnata tratto sud;surface;;coin;coin;bronze;moult;;complete;1;;;;0.2;1.4;;2;Bronze coin, recto and verso illegible.;
586;Inner Town;surface;;coin;coin;bronze;moult;;complete;1;;;;0.3;1.5;;2;Bronze coin, recto and verso illegible.;
587;Inner Town;F.1002;1002/g;stone tool and weapon;axe;stone;hand;;fragmentary;1;;6;5;2.1;;;;Black and white stone small axe, polisher used.;
588;C east (R.B);F.1391;496/b;sculpture;sculpture;basalt;hand;;fragmentary;1;17,5 +;24 +;18 +;;;;;sculpture fragment of fine grained basalt;
589;C east (R.B);F.1391;496/a;sculpture;sculpture;basalt;hand;;fragmentary;1;11,5 +;43 +;23,5 +;;;;;sculpture fragment of fine grained basalt;
590;C east;F.1345;476/p;sculpture;statue;basalt;hand;;fragmentary;1;28.9+;;29.2+;3.2+;;;;Statue of medium-grained basalt, with lion hides.;
591;A west;F.1424;178/d;clay figurine;figurine;clay;hand;applied;fragmentary;1;5.6+;;2.4;2.1;;;;Clay horse leg with harness;
592;A west;F.1416;178/c;clay figurine;clay figurine;clay;hand;applied;fragmentary;1;6,2 +;6 +;5 +;;;;;"Fragment of animal clay figurine headless. 5YR8/3; < 0,5 mm, <3%.";
593;A west;F.1416;178/a;clay figurine;clay figurine;clay;hand;;fragmentary;1;3,6 +;7,6 +;3,4 +;;;;;Body fragment of an animal clay figurine. 10YR8/3, <0.5 mm, <3%.;
595;C east;F.1380;800/b;inscription;monumental inscription;basalt;hand;;fragmentary;1;11.4+;;8.1+;9.9+;;;;Monumental hieroglific inscription of medium-grained basalt.;
596;C;F.1329;466/c;metal tool&weapon;graffa;iron;hand;;nearly complete;1;4,4;;;0,7;;;;Iron nail or graffa.;
597;C east;F.1329;466/d;metal tool&weapon;plug;iron;hand;;nearly complete;1;4,8;;1,3;0,9;;;;Iron nail, or graffa.;
598;C east;F.1329;466/e;metal tool&weapon;harrow head;iron;mold;;nearly complete;1;4,1;;1;0,8;;;;Iron harrowhead, piramidal shaped.;
599;A west;F.24;175/b;stone vessel;basin;limestone;hand;;fragmentary;1;9.4;15.7+;12.6+;;;;;Fragmentary rectangular basin of limestone, irregular depression;
600;F;F..892;397/a;indeterminate;indeterminate;limestone;hand;;nearly complete;1;;7.6;4.1;2.4;;0.6-0.6-0.4;;Indetrminate limestone object, comb-shape, with 2 holes (d.0.6 cm) in the front side and one hole (d.0.4 cm) on the external tooth;
601;H;F.1245;632/a;clay figurine;clay figurine;clay;hand;applied;fragmentary;1;5+;;4.1;2.9;;;;Upper part of man's clay figurine, with beard (baked for fire?).;
602;F;15 m E G.461;surface;METAL TOOL & WEAPON;arrowhead;iron;moult;;complete;1;;5.4;1.3;0.8;;;;Romboidal-shape, flat arrov head, tapper stem.;
603;Lawrence's house;F.1504;591/l;sculpture;sculpture;basalt;hand;;fragmentary;1;15,5 +;31 +;10,2 +;;;;;Sculpture fragment of fine grained basalt;
604;Lawrence's house;F.1504;591/c;sculpture;sculpture;basalt;hand;;fragmentary;1;9,5 +;23 +;21,5;;;;;Fragment of fine grained basalt of a lion paw.;
605;Lawrence's house;F.1504;591/d;sculpture;sculpture;basalt;hand;;fragmentary;1;15 +;29 +;17,5 +;;;;;Sculpture fragment of fine grained basalt.;
606;Lawrence's house;F.1504;591/i;sculpture;relief;basalt;hand;;fragmentary;1;16+;;14.3+;4.3+;;;;Fragment of relief of medium-grained basalt, with part of arm???;
607;Lawrence's house;F.1504;591/g;sculpture;relief;basalt;hand;;fragmentary;1;9.5;;14.6+;11.8+;;;;Fragment of relief of medium-grained basalt, with guilloche. Low relief (strip).;
608;Lawrence's house;F.1504;591/f;sculpture;relief;basalt;hand;;fragmentary;1;24 +;;15,5 +;6,7 +;;;;Relief fragment of fine grained basalt.;
609;Lawrence's house;F.1504;591/b;sculpture;relief;basalt;hand;;fragmentary;1;15 +;17 +;12 +;;;;;Relief fragment of fine grained basalt with horn (?).;
610;Lawrence's house;F.1504;591/a;sculpture;sculpture;basalt;hand;;fragmentary;1;21,5 +;;15 +;7 +;;;;Sculpture fragment of fine grained basalt of lion's mane.;
611;Lawrence's house;F.1504;591/h;inscription;monumental inscription;basalt;hand;;fragmentary;1;25 +;24,5 +;25 +;;;;;Monumental inscription of fine grained basalt. With reading 12  176.;
612;C east;F.1352;489/c;stone tool and weapon;bullet?;flint;hand;;complete;1;;;;;4.6;;;Flint spherical bullet?;
613;E via colonnata;surface;;coin;coin;bronze;moult;;nearly complete;1;;;;0.5;1.8;;7;Bronze coin, recto illegible inscription, verso illegible.;
614;E via colonnata;surface;;coin;coin;bronze;moult;;complete;1;;;;0.4;1.7;;7;"Bronze coin. Recto: head; verso: illegible.";
615;A west;F.1409;170/e;METAL TOOL & WEAPON;nail;nail;hand;;complete;1;0.6+;;;;1;;;Small nail, round head and stem section.;
616;A west;F.1409;170/c;METAL TOOL & WEAPON;nail;bronze;hand;;fragmentary;1;1.3;;0.8;0.5;0.3;;;Small bronze nail, round head and stam section.;
617;A west;F.1409;170/d;METAL TOOL & WEAPON;arrowhead;iron;moult;;fragmentary;1;;4.6;1.8;0.9;;;;Romboidal-shape flat iron arrowhead.;
618;E Hilani;surface;;metal vessel;bronze vessel;bronze;hand;;fragmentary;1;2.4;;;;26;;;"Fragmentary flat of bottom bronze vessel . Wall: 0.4 cm; bottom: 0.7 cm.";
619;A west;F.679;152/b;METAL TOOL & WEAPON;indeterminate;iron;-;;fragmentary;1;4.5;;1.2;1.2;;;;Fragment of iron stem (nail?);
620;C east;F.1387;802/c;METAL TOOL & WEAPON;arrowhead;iron;moult;;complete;1;;5.9;1.2;1.1;;;;Romboidal-shape iron arrowhead, square part inside the hilt.;
621;C east;F.1387;802/d;METAL TOOL & WEAPON;nail;iron;hand;;nearly complete;2;6.8;;;;3;;;Iron nail, circular section, semispherical haed.;
622;C east;F.1387;802/b;METAL TOOL & WEAPON;indeterminate;iron;-;;fragmentary;1;5.6;;;;1.2;;;Fragment of iron stem, circular section (nail?);
623;C east;F.1376;491/e;metal tool&weapon;arrowhead;iron;mold;;complete;1;4,5;;0,9;0,8;;;;Iron harrowhead, piramidal shaped.;
624;Lawrence house;F.1504;592/c;sculpture;sculpture;basalt;hand;;fragmentary;1;27 +;21,5 +;16 +;;;;;Sculpture fragment of fine grained basalt.;
625;Lawrence house;F.1504;592/a;sculpture;relief;basalt;hand;;fragmentary;1;33 +;21 +;15 +;;;;;Relief fragment of fine grained basalt. Old reading 12-36.;
626;Lawrence's house;F.1504;592/b;sculpture;statue;basalt;hand;;fragmentary;1;24.8+;9.6+;11.2+;;;;;Fragment of lion food. Original Woolley' sign preserved.;
627;Lawrence's house;F.1504;592/e;sculpture;sculpture;basalt;hand;;fragmentary;1;15 +;14,2 +;6,5 +;;;;;Sculpture fragment of fine grained basalt with vertical strips.;
628;Lawrence's house;F.1504;592/f;stone vessel;stone vessel;basalt;hand;;fragmentary;1;24.2+;;;8.9+;;;;Fragment of big stone vessel, carenated.;
629;Lawrence's house;F.1504;592/d;sculpture;sculpture;basalt;hand;;fragmentary;1;15 +;25 +;11,5 +;;;;;sculpture fragment of fine grained basalt;
630;C east;F.1343;470/d;clay figurine;clay figurine;clay;hand;applied;fragmentary;1;3.2+;3.3+;2.1;;;;;Head of clay horse with applied eyes.;
631;G;F.1075;557/a;clay figurine;clay figurine;clay;hand;;fragmentary;1;4.3+;2.8+;3.7+;;;;;Body of clay horse.;
632;A west;N Temple A;;stone vessel;stone vessel;basalt;hand;;fragmentary;1;8.6;;;;36;;;"Stone bowl, flat rim and bottom. Mortar used. Rim: 2.5 cm; wall: 3.8 cm; bottom: 3.9 cm.";
633;Lawrence's house;F.1502;590/b;modern object;elettric bobbin;pottery;;;fragmentary;1;;;;;;;;White pottery elettric bobbin;
634;C;F.1380;800/f;other;indeterminate;iron;hand;;fragmentary;8;9,2 +;4,5;3,8 +;;;;;Indeterminate iron object (handle?).;
635;Inner Town;surface;;glass conteiner;bottle;glass;hand;;fragmentary;1;1.5;;;;2.9;;;Blue glass rim of bottle.;
636;Inner Town;surface;;ornament;bracelet;glass;hand;;fragmentary;1;;;0.8;0.8;9;;;Green glass bracelet with white, red e green decoration.;
637;Inner Town;surface;;other;pipe;pottery;hand;stamped;fragmentary;1;;4.8;;;2.5;;;Fragment of islamic pipe with stamp naturalistic decoration.;
638;C east;F.1343;740/b;clay figurine;clay figurine;clay;hand;applied;fragmentary;1;4.3+;5.4+;3.7;;;;;Body of clay horse with harness.;
639;C east;F.1343;470/c;clay figurine;clay figurine;clay;hand;;fragmentary;1;5.4+;5.6+;6+;;;;;Body of clay horse.;
642;Lower Palace Area ;surface;;clay figurine;clay figurine;clay;hand;applied;fragmentary;1;4.3+;8.3+;5.2;;;;;Body of clay horse with harness (with the rider?);
643;A east;F.787;212/b;clay figurine;clay figurine;clay;hand;;fragmentary;1;3.9+;3.8+;4.1;;;;;Body of clay horse.;
644;C east;F.1334;465/b;indeterminate;indeterminate;bronze;hand;incised;fragmentary;1;;6.4;1.7;0.2;;;;Fragmentary lamina with linear inciset decoration.;
645;C east;F.1334;465/c;coin;coin;bronze;moult;;nearly complete;1;;;;0.2;1.7;;3;"Bronze coin. Recto: men's head; verso: two warrion???.";
646;C east;F.1387;802/a;inscription;monumental inscription;basalt;hand;;fragmentary;1;32,5 +;54 +;33,5 +;;;;;Inscripion fragment of fine grained basalt.;
647;C east;F.1390;498/a;sculpture;relief;basalt;hand;;fragmentary;1;51 +;32,5 +;28,5 +;;;;;Relief fragment of fine grained basalt with lion (or grifon) tail.;
648;C east;F.284;482/a;METAL TOOL & WEAPON;tool;iron;hand;;fragmentary;2;13.6+;;3.2+;;2;;;Fragmentary indeterminate iron tool.;
649;Lawrence's house;F.1504;591/n;Modern object;plug;iron;mold;;complete;1;;;;;;;;Iron plug with 4 holes.;
650;Lawrence's house;F.1504;591/m;stone vessel;stone vessel;basalt;hand;;fragmentary;1;17.8+;;7.7+;;;;;Fragmentof stone vessel with big foot, carenated. Missing rim and bottom. Original Woolley' sign preserved.;
651;C east;F.1343;470/f;stone vessel;stone vessel;basalt;hand;;fragmentary;1;8.8;;;;31;;;"Fragment of medium-grained basalt bowl, flat rim. Rim:2.8 cm; wall:3.5 cm.";
652;C east;F.1343;470/e;stone vessel;stone vessel;basalt;hand;;fragmentary;1;6.4+;;;;41;;;"Fragment of medium-grained basalt bowl, flat rim. Rim: 1.4 cm; wall: 2.6 cm. Mortar used.";
653;Lawrence's house;F.1509;591/e;stone tool ;indeterminate;basalt;hand;;fragmentary;1;10.7;14.8;14.8+;;;;3947;Indeterminate object fine-grained basalt. Handle? In the upper part, notch on the base.;
654;C east;F.1345;476/j;sculpture;statue;basalt;hand;;fragmentary;1;17.9+;;19.7+;3.1;;;;Fragment of statue of medium-grained basalt, with 3 lines incised.;
655;A east;W.770;209/a-b;stone vessel;stone vessel;basalt;hand;;fragmentary;2;11.4+;;;;26;;;"Big stone vessel , high food, ring bottom, careneted, mortar used. Wall: 3.1 cm; bottom: 11.1 cm.";
656;C east;F.1345;476/k;other;indeterminate;limestone;hand;;fragmentary;3;;;;2,3;14,2;;;Discoidal object of limestone with 6 hole along the edge and 1 in the centre.;
657;A east;L.737;211/a;glass container;vessel;glass paste;hand;;fragmentary;1;;3,6;2,7;0,7;;;;Wall fragment of a light blue glass paste vessel.;
658;Lower palace area;surf.;;clay figurine;clay figurine;clay;hand;;fragmentary;1;5,7 +;;5;3,9;;;;"Lower part of a female clay figurine. 5YR8/3; <0.5 mm, <3%.";
659;A east;F.781;208/a;textile tool;loom weight;clay;hand;;complete;1;3;4;3,8;;;;0,6;Donut shaped loom weight.;
660;A east;F.787;212/a;other;indeterminate;limestone;hand;;fragmentary;1;2 +;3,7 +;2,9 +;;;;0.5;Indeterminate object of limestone.;
661;C west;F.900;400/d;sculpture;statue;basalt;hand;;fragmentary;1;14.9+;;14.5+;8.8+;;;;Fragmentary statue of fine-grained basalt.;
662;30m nord area D;surface;;stone tool ;whell;basalt;hand;;fragmentary;1;8.8;;15.9;10.7+;;;;Fragmentary whell (tournette?) of medium-grained basalt. ;
663;A east;F.756;200/b;stone vessel;stone vessel;basalt;hand;;fragmentary;1;6.5;;;;25;;;"Bowl of fine-graned basalt, flat rim and bottom. Rim: 1.6 cm, wall: 3 cm; bottom: 3.6 cm. Mortar used. ";
664;A east;L.737;;stone tool&weapons;mortar;basalt;hand;;fragmentary;1;19 +;;;;50;;;"Basalt mortar of fine grained basalt; wall 8.2 cm.";
665;A;;;sculpture;statue;basalt;hand;;fragmentary;1;105+;;79+;59+;;;;Fregment of lion statue of medium-grained basalt.;
666;Lawrence house;surf.;;clay figurine;clay figurine;clay;hand;applied;fragmentary;1;5,3 +;4,7 +;4,5 +;;;;;Front part of an animal clay figurine with harness.;
667;Lawrence house;surf.;;stone tool&weapons;mortar;basalt;hand;;fragmentary;1;17;;;;35;;;Basalt mortar of coarse grained basalt, with deep depression, two sides used.;
668;C west;surf.;;sculpture;sculpture;basalt;hand;;fragmentary;1;26,5 +;16,5 +;;6,8 +;;;;"Statue fragment of medium grained basalt; it coul be part of Atri Suchas statue.";
